-,키워드,PC 검색량,모바일 검색량,총조회수,문서수,비율,블로그순위 ▼,,,,,,,,,,,,,,
-,이어드림스쿨,920,"1,510","2,430",773,0.318,낮음 (0),"N스타트업 AI기술인력 양성(이어드림 스쿨) 교육운영사 모집... 2022-01-242022년 스타트업 AI기술인력 양성(이어드림 스쿨) 교육운영사 모집 공고 분류체계 인력 > 교육/훈련... 5개월) ② 인공지능 중급(데이터 사이언스·엔지니어링, 대학교 3~4학년 수준, 3개월) ③ 인공지능 고급... 정책정보, 지원사업, 캠핑, 경제 등 우빗(Ubit)거리다https://blog.naver.com/ash1106/222630166306N이어드림스쿨 면접 후기2022-03-18있다 이어드림스쿨 vs 다른 프로그램 중 하나 합격해서 갈 수 있다면? 나라면 애.. 아니다 묵비권을 행사하겠다 이..어드림스쿨을 선택할 것이다. (애...) 아무튼 생계를 유지하기 어렵거나, 부모님의 지원 받지... 다만세 ; 다니엘이 만나는 세상https://blog.naver.com/danielsworld/222676324522N이어드림스쿨[적성검사]2023-03-07AI 인재양성을 위한 이어드림스쿨은 내가 지원사업을 검색하다 k-startup 에서 보게 되었다. 팀원들의... 다음 이어드림을 준비하실 분들은 조금은 더 일찍 준비하고 조금 더 많은 것을 보고 익혀놔야 할듯 해... 마음 한켠에 한칸의 여유를..https://blog.naver.com/chanhyuck623/223037021746N스타트업 AI기술인력 양성(이어드림 스쿨) 교육운영사 모집 공고2023-02-02양성(이어드림 스쿨) 교육운영사 모집 공고입니다. 관심있는 분들의 많은 지원바랍니다. 디지털 전환... 양성사업(이어드림 스쿨)』에 참여할 교육운영사 모집 계획을 다음과 같이 공고합니다.... 주식회사 에듀로봇https://blog.naver.com/edurobot425/223000523021N인공지능(AI) 실무 개발인재 양성하는 이어드림 스쿨 교육생... 2023-01-26이어드림 스쿨, 디지털 AI 인재 키워 취·창업으로 연결한다 - 2023년 스타트업 AI 기술인력 양성사업... 데이터사이언티스트(DS) 등 선택한 직무에 맞춰 특화 교육프로그램을 제공할 계획이라고 합니다. 이와... 정/보/나/눔 (교육·학문 & IT·컴퓨터)https://blog.naver.com/info-sharing/222995152582N이어드림 스쿨 면접 후기 (feat.3기)2023-03-16:) 필요하신 분들은 댓글달아주세요. #이어드림스쿨면접 #이어드림스쿨면접후기 #이어드림면접후기 #이어드림면접 #이어드림스쿨 #중소벤처기업진흥공단이어드림스쿨 #중소벤처기업진흥공단지뉴's life ishttps://blog.naver.com/jinwoo8365/223045859287N이어드림 스쿨 지원 후기2023-03-16이어드림 스쿨 3기 지원을 위해 대학교 자퇴를 진행하였다. 자퇴를 결정하면서 조금 얼떨떨한 기분이 들었지만 맞는 판단이라고 생각되었기 때문에 결정한 내용이었다. 이어드림 스쿨은 10개월간 AI교육... 민찬호의 아이디어장https://blog.naver.com/chan02468/223046245402N패스트캠퍼스 이어드림스쿨 3기 AI상식검사 비대면 시험... 2023-03-07패스트캠퍼스 이어드림스쿨 3기 AI상식검사 비대면 시험 테스트위드로 진행했어요 안녕하세요! 스마트디아그노시스 입니다 벌써 3월이 시작된 지도 1주일이 지나고 상온 10~15도를 보여주는 따뜻한 날씨가 이어... (주)스마트디아그노시스https://blog.naver.com/smartdiagnosissdcor/223037281894N[이어드림 스쿨 2기] (자랑질 주의) 이어드림 스쿨 졸업식... 2023-02-2624일 금요일에 이어드림 스쿨 2기 졸업식을 다녀왔어요! 우수 교육생으로 장관상을 받았구요! 1년 동안... 제가 먹는데에 진심이어서... 사진을 안 찍고... 먹고... 떠들고... 기록을 좀 잘 했어야했는데... 이세의 인공지능https://blog.naver.com/esemoon/223028543878NAI기술인력 양성(이어드림 스쿨) 교육운영사 모집 공고2023-02-02양성사업(이어드림 스쿨)' 운영 사업비 지원 [교육운영사 모집공고] 첨부파일 (공고문)_2023년_스타트업_AI기술인력_양성(이어드림_스쿨)_교육운영사_모집_공고.pdf [출처 바로가기] #중소벤처기업부... 경영지도사 김진영의 105세 경영https://blog.naver.com/ilsinbc/223002689458",,,,,,,,,,,,,
-,디벨로켓,50,20,70,20,0.286,중간 (1),"N블록체인개발 과정 국비지원 받고 디벨로켓 교육까지 완벽하게2023-02-17그곳은 경일게임아카데미라는 곳이며 현재 디벨로켓이라는 교육프로그램으로 국비지원을 통해서... 그럼 디벨로켓 차별화 포인트는 무엇이 있는지 궁금해하는 분들을위해 말씀드려볼게요. 첫째 빠른 성장 및... 던창 해군 Herimon의 개인세계https://blog.naver.com/lordpark02/223018498232N초보자도 가능한 교육 취업 디벨로켓만의 차별화된 블록체인... 2023-01-31너무 어렵게 생각하실 필요는 없습니다 디벨로켓은 4차 산업 미래기술의 개발자들을 양성하고 취업을... 기술입니다 디벨로켓은 블록체인과 핀테크, 웹개발자, 엔지니어 등을 차별화된 교육으로 실전과 동일한... 트하봉봉https://blog.naver.com/babywoo12/223000152366N웹개발 블록체인 취업 전문 디벨로켓에 대해 알고 계신가요?2023-01-31라는 생각을 하게 됩니다 이런 고민들을 디벨로켓이 함께 고민하고 어떤 것이 좋을지 앞으로의 방향에 대해 도와 드릴 수 있는 곳인 거 같습니다 그렇다면 디벨로켓이란 무엇인지 궁금하실 분들이 많으실 거... 나만의 블로그https://blog.naver.com/ehgjs21/223000155387N[디벨로켓 찐후기] 코딩의 'ㅋ'도 몰랐던 사람2023-02-14경일게임아카데미https://blog.naver.com/kigame/223015500185N우리아기 블럭은 역시 디벨플래닛 사파리 블럭!2016-12-23유아블럭은 역시 디벨플래닛 ! 쁘띠엘린을 들락날락 거리면서 탐나던 디벨플래닛 사파리 블럭! 드디어... 배와 하트 모양도 만들어 보구요 사각형이랑 원, 마름모 그리고 로켓까지 ! 저만큼 많은 모양이... 시끌벅적 민블리 남매 STORYhttps://blog.naver.com/gowls3824/220893053201N디벨로켓의 블록체인 개발자 강의 과정에 대해서 알아보자2023-02-15또한 디벨로켓 블록체인 교육을 통해서 기초부터 실무까지 확실하게 교육을 한다고해요!!!!!! 또 이곳은... 디벨로켓이는는 교육 프로그램으로 총 36주간 훈련교육이 진행이 되며 이론부터 실무까지 교육을 받고... 던창 해군 Herimon의 개인세계https://blog.naver.com/lordpark02/223016030354N디벨로켓 수료생 INTERVIEW  ::  블록체인 정성진님2023-02-15경일게임아카데미https://blog.naver.com/kigame/223016596984N미래유망직업, 웹 개발자&비전공자도 도전하는 블록체인2023-02-28접목시킨 디벨로켓의 과정이있습니다. 비전공자 개발자를 위해 코딩에 대한 기초지식을 익힐 수 있도록 기초부터 제대로 배워 웹 서비스를 론칭하는 프로젝트를 진행합니다. 디벨로켓의 대부분의 수강생... 경일게임아카데미https://blog.naver.com/kigame/223030475539N[감사일기(5)] 여기서 무얼 얼만큼 더 나아지고픈 걸까2023-02-16우리학원 커리큘럼 #경일게임아카데미 #디벨로켓 #블록체인 #웹개발 (이름 언제 바꿈)ㅋㅋㅋ 현재는 섹션3 진도 나가는 중 근데 난 블록체인 기술에 관심이 없..(다기보단 프론트적으로 더 잘하고 싶)어서 ? ㅎㅎ... Moana의 대차게 살자https://blog.naver.com/jenana1717/223017967936N원목교구 아기블럭으로 창의력 UP~2015-05-08원목교구 아기블럭 디벨플래닛 사파리 블럭으로 창의력 UP~ 안녕하세요. 벌써 어버이날이네요~ 후훗!... ㅋㅋㅋ 배나 로켓도 만들수 있네요. 신기신기~~ ㅎㅎㅎㅎ 이런 생각은 전혀 못해봤는데... 정말 킹왕짱! 젤... 건이맘의 패션&직구 Pickhttps://blog.naver.com/eduline2002/220353077427",,,,,,,,,,,,,
-,알파코,"1,180",840,"2,020","3,668",1.816,낮음 (0),"N잘 하는 법 3단계, 오프라인 강의 후기 (알파코 RPA 과정)2022-07-20이번에 알파코에서 진행하는 RPA 전문과 과정에 파이썬 웹크롤링 강사로 활동하게 되었습니다. 우선... 강사 알파코(Alpaco) K-디지털트레이닝 강사 동신대, 대구한의대, 초등학교,중학교 코딩 특강... 코딩을 진짜 쉽게 알려주는 크리에이터 NO.1https://blog.naver.com/kkj6369/222820789160NK-디지털기초역량훈련 내일배움카드 알파코 드론배우기!2022-08-09K-디지털기초역량훈련에서 알파코 드론배우기를 수강하게 되면 책2권과 코드론 미니가 배송됩니다 ㅎㅎ 첫 번째 책은 블록코딩을 기반으로 드론과 연계된 내용이 주를 이루고 하나는 텍스트코딩 파이썬을 통한... 싹싹비우는 남자https://blog.naver.com/jrsan123/222843833848N[알파코 소식] 누구나 AI : 딥러닝 부트 캠프 6기 모집시작!!2023-02-27알파코캠퍼스입니다. 많은 분들의 성원에 힘입어 알파코캠퍼스 『(누구나 AI) 딥러닝 부트 캠프 6기』 모집이 시작되었습니다. 이번 부트 캠프는 2023년 03월 01일(수)부터 본격적인 모집이 시작되는데요!... 알파코 공식 블로그https://blog.naver.com/alpaco1999/223029442506NAI 부트캠프 지원 및 면접 후기(알파코, MS AI School)2022-10-07알파코 https://alpacodmk.oopy.io/?NaPm=ct%3Dl8y95zvc%7Cci%3D0z40002lUhXxUYIIc1lM%7Ctr%3Dbrnd%7Chk... MS AI School https://msaischool.kr/?utm_source=viral&utm_medium=all&utm_campaign=viral_specup&utm_content=b 알파코와 더불어 지원했던 이것도... In to the Oceanhttps://blog.naver.com/leuce/222894434722N알파코 - 직장인이 책을 공짜로 읽는 법2022-03-06#독서팁 #독서꿀팁 #직장인 #취미 #공짜로 #책읽기 #독서 #무료도서 #알파코 독서하는 직장인을 위한... 이 게시물은 협찬받은 광고성 글이 아닙니다 알파코란 무엇인가? 알파코는 DT교육, 기업일반교육... 독서하는 회사원https://blog.naver.com/doubleku0055/222665437951N먼나라 이웃나라 미국편 - 제10권/미국1-미국인편 feat.알파코2022-05-29저는 직장에서 기업교육업체 알파코를 통해 북러닝 수업을 제공하고 있는데 이걸 통해서 한달에 책을 1... #북러닝 #알파코 #먼나라이웃나라 #미국 #먼나라이웃나라미국 #업그레이드먼나라이웃나라 #이원복... Меня зовут Проня。https://blog.naver.com/chajh1985/222750729850NK-디지털 트레이닝,내일배움카드 [알파코 부트캠프  추천 후기]2023-02-22오늘은 내가 내일배움카드로 벌써 5개월째 다니고 있는 알파코 학원에 대해서 소개하려고한다 일단 내가 지금 배우고 있는 과정은 알파코의 AI 엔지니어 과정이다 처음 내가 다니기 시작한 이유는 집에서... 더딘이 공간https://blog.naver.com/thedin2/223024320533N아티제 발로나 알파코 쇼트케이크 후기2022-05-20알파코 쇼트케이크를 꼭 먹어보겠다고 다짐 ㅋㅋㅋ 아티제 갈때 있을수도 있고 없을 수도 있는 케이쿠,, 꼭 사고싶을 때 가면 매장에 없어서 저는 미리 주문 예약해서 픽업했어요 아티제 발로나 알파코... 먹고 놀고 리뷰하기https://blog.naver.com/violet0878/222739524849N및 스트로베리 쉬폰 케이크&발로나 알파코 초코케이크 후기!2022-04-02딸기 시즌으로 나온 아티제 스트로베리 쉬폰 케이크와 발로나 알파코 초코케이크 후기를... 발로나 알파코 쇼트케이크는 29,000원입니다. 스트로베리 쇼트케이크와 발로나 알파코 쇼트케이크는... EAT, BUY, TRAVELhttps://blog.naver.com/rhdmswls14/222689797661N[교육] 빅데이터 기반 딥러닝 개발 부트 캠프(알파코 K... 2021-11-06빅데이터 기반 딥러닝 개발 부트 캠프(알파코 K-디지털 트레이닝 1기 교육생 모집) - 알파코 알파코는 약 20년 간 20만 명의 임직원을 대상으로 교육을 진행하는 온라인 기업 교육 전문... 내(來)일 연구소 - All about Careershttps://blog.naver.com/work-on/222559553126",,,,,,,,,,,,,
-,더조은컴퓨터학원 일산캠퍼스,10,10,20,"5,331",266.55,낮음 (0),"N없이 독학하기/더조은컴퓨터아트학원 일산캠퍼스2022-10-29이전에는 시간 오버했던 문제를 다시 풀었을 땐 시간 안에 풀게 되면서 더 자신감을 얻었던 것... 더조은컴퓨터아트학원 일산캠퍼스 GTQ시험 장에서는 남의 컴퓨터로 시험보는거라 시험장 컨디션이... A rolling stone gathers no mosshttps://blog.naver.com/kthee33/222914141206N[고양시/파주시]일산 ITQ , GTQ 시험장 / 더조은컴퓨터아트학원2023-02-02자격증시험접수는 더조은컴퓨터학원 일산캠퍼스 ITQ / GTQ 자격증 국비지원 교육도 역시 고양시/파주시를 대표하는 국비지원 교육센터 일산 더조은에서 함께 하세요~~! ☎ 031. 902. 1777 또는 카톡채팅 상담... 고양시국비지원 더조은컴퓨터학원 일산https://blog.naver.com/tjoeunis/223003275936N국비지원 직업훈련 컴퓨터학원, 더조은 전주캠퍼스 신규 오픈!2023-01-27더조은아카데미 전주캠퍼스는 2월 1일 오픈 예정입니다 전국 주요 도시에 위치해있는 다른 캠퍼스들과 마찬가지로 국비지원이 가능한 직업훈련 컴퓨터학원이라 국민내일배움카드를 이용해 경제적인 부담을... 더조은컴퓨터아카데미학원https://blog.naver.com/tjoeun_web/222996097448N더조은컴퓨터학원_구로캠퍼스/ 국비지원(내일배움카드)... 2023-03-1009:00~21:00 주말 09:00~17:00 ☎ 02-838-1680 ☎ 02-838-1680 전화 상담이 부담스러우신 분들은!! 카카오톡 상담 채널도 있습니다! 이미지 클릭 하시면 채널로 이동합니다~~ 더조은컴퓨터학원 구로캠퍼스 위치입니다.더조은컴퓨터학원 구로캠퍼스https://blog.naver.com/grtjoeun/223040354760N국민내일배움카드로 일산 더조은컴퓨터아트학원 등록하기2022-05-18국비지원이 되는 일산 더조은컴퓨터아트학원으로 선택을 했습니다. 먼저 더조은컴퓨터학원 일산캠퍼스와 통화 후 상담받으니 곧 개강하는 수업이 있어 그 수업을 듣기로 했습니다. 등록은... 여니의 공간https://blog.naver.com/mizzang15/222737712893N더조은컴퓨터학원 구로캠퍼스에서 배운 영상편집 자료2021-09-20이용해서 취업성공패키지를 했어요. 영상편집을 배우고 싶어서 더조은컴퓨터학원 구로캠퍼스로 약 한달간 다녔어요. 취성패 신청하기  Copyright 2021. 소소한경숙이네. All rights reserved.소소한 경숙이네 :::https://blog.naver.com/112611heart/222511430061N[일산 GTQ] GTQ 고사장은 더조은컴퓨터아트학원에서!2023-02-25안녕하세요 ^^ 더조은컴퓨터학원 일산캠퍼스입니다. 일산더조은에서는 매달 넷째 주 토요일 GTQ... 기초부터 자격증 취득까지 일산 더조은컴퓨터학원에서 함께하세요 :) 국민 내일배움카드 국비지원... 일산컴퓨터학원 국비지원 최고의 강의https://blog.naver.com/tjoeun_is/223027106685T더조은컴퓨터학원 일산캠퍼스 오픈2015-08-28더조은컴퓨터학원 일산캠퍼스 오픈 드디어 일산에도 더조은컴퓨터학원이 생겼습니다. 웹디자인/웹퍼블리셔 전산세무회계 컴퓨터활용능력 1/2급 MOS자격증 오토캐드 . . 등 다양한 교육과정 사진에서... 더조은컴퓨터아트학원 일산캠퍼스https://istjoeun.tistory.com/5N고양시전단지배포,일산전단지배포,더조은컴퓨터아트학원... 2022-12-20기초실무강의~ 자격증취득~ 포트폴리오완선~ 취업성공~ 까지~~~ 더조은컴퓨터학원 일산캠퍼스는... 더조은컴퓨터아트학원일산캠퍼스점#전단지배포#파주시전단지배포#김포시전단지배포#대화동전단지배포... 멘토기획https://blog.naver.com/did3617did/222960947089N고양시국비지원학원은 단연, 더조은컴퓨터학원 일산캠퍼스2018-12-11고양시국비지원학원은 단연, 더조은컴퓨터학원 일산캠퍼스 고양시에 있는 국비지원 컴퓨터학원을... 고양시국비지원학원 #고양국비지원 #고양국비지원학원 #더조은컴퓨터학원 #더조은컴퓨터학원일산고양컴퓨터학원 국비지원(김포파주일산)https://blog.naver.com/genesmer0102/221417168072",,,,,,,,,,,,,
-,아이티윌 강남센터,10,10,20,770,38.5,낮음 (0),"N(아이티윌 강남센터) 11월 1일... 개강하는 강남역 자바 취업반... 2017-11-01고용센터 상담사분과 상담을 진행하면서 이렇게 말하는겁니다. 제가 국비지원으로 IT 분야 중 웹개발 분야로 취업을 알아보고 있습니다. 개강은 11월 9일에 시작하는 훈련이고, 강남역에 있는 아이티윌... 우수훈련기관 아이티윌https://blog.naver.com/itwilljob/221130002522N서울강남고용센터 IT훈련기관 작품시연회 - 아이티윌... 2014-07-29서울강남고용센터 IT훈련기관 작품시연회 - 아이티윌 국가기간전략훈련 [자바웹개발자양성과정] 안녕하세요~ 며칠전 우리 아이티윌 국가기간전략훈련 수료생들의 작품시연회가 있어서 포스팅해봅니다~ 제가... 구리스에 IT취업 따라잡기https://blog.naver.com/giho74/220075624790N취업준비생과 함께하는 아이티윌 강남교육센터2017-03-14아이티윌 강남교육센터는 취업준비생과 항상 함께하고 있습니다. 요즘 취업하기는 하늘에 별따기 만큼 어렵고, 청년실업률은 매년 최고점을 찍고 있습니다. 청년실업률은 만 15세 ~ 29세의 인원을 포함하고... 아이티윌 공식블로그https://blog.naver.com/itwill8080/220957761121N방문기 No. 118 - 한국특허정보원 특허교육 (강남 아이티윌)2017-01-13특허청 산하 '한국특허정보원'에서 실시하는 특허교육에 다녀왔습니다~^^ 우연히 교육공고가 올라오자마자 보게되어서 바로 신청했더니, 운좋게 당첨이 되었네요~ㅎ 강남 아이티윌 교육센터에서 교육을 받게... UROSAhttps://blog.naver.com/urosamall/220910155024N취업준비는 국비지원교육센터  아이티윌에서!2016-10-13그래서 국비지원교육센터 이용하면 무료로 네트워크보안 교육을 받을 수 있어서 정말 좋아요 특히 국비지원교육센터 아이티윌은 교통의 요지인 강남역 국기원사거리에 본원이 있고, 부산 서면에도... 힘차게 살아보자https://blog.naver.com/tlsgustn8062/220834983749N우수훈련기관 아이티윌 강남 교육센터가 인스타그램을... 2017-05-30아이티윌 강남교육센터를 알고계신가요? 아이티윌 강남교육센터는 IT전문 교육기관으로써 미취업자의 취업연계형 교육을 진행하고 있으며 재직자 단과교육도 진행하고 있습니다. 아이티윌 강남교육센터는... IT취업 나도 할 수 있다.https://blog.naver.com/itwillgn0000/221017584438N아이티윌-강남센터 2012년 07월교육 직장인 및 재직자... 2012-06-25아이티윌-강남센터 2012년 07월교육 직장인 및 재직자 고용보험환급교육 개강안내입니다.[개강안내] 안녕하세요. ITIWILL교육센터 교육담당자 임호연입니다. 강남본원 캠퍼스 2012년 07월 아이티윌... ♥ 통통호의 IT백과사전 사랑방 ♥https://blog.naver.com/hoyeon0721/20160704007N강남 아이티윌교육센터에서 빅데이터 무료 세미나를... 2017-04-24IT 전문 교육기관인 아이티윌 강남교육센터에서는 미취업자 취업연계교육과 재직자 교육을 모두 국비지원으로 교육하고 있습니다. 취업연계교육은 모두 무료로 진행하고 있으며 재직자 교육은 교육내용에... 아이티윌과 함께하는 IT 국비지원 교육https://blog.naver.com/itwillgn0001/220990803171NIT취업 전문교육센터 아이티윌! 자바 빅데이터 취업교육 후기... 2022-12-20강남 아이티윌은 빅데이터 취업교육과 자바취업교육을 매년 기수별로 운영하고 있습니다. 국가기간전략산업직종훈련 K-Digital Training 위 훈련들을 통해 매년 많은 수료생을 배출하고 있고 취업까지 지원하고... [IT Training]https://blog.naver.com/donggyun07/222961025358N강남 아이티윌 교육센터 NEW 홈페이지 오픈! - 아이티윌/ITWILL2012-04-07강남 아이티윌 교육센터 NEW 홈페이지 오픈! - 아이티윌/ITWILL 강남 아이티윌 교육센터 NEW 홈페이지 오픈! - 아이티윌/ITWILL 안녕하세요! 차가운 바람 때문인지 따듯한 햇살에도 불구하고 많이 추운... IT정보공유! [국비교육/취업교육/자격증정보]https://blog.naver.com/wowwill/150135881023",,,,,,,,,,,,,
-,더조은컴퓨터학원 일산,30,90,120,"21,650",180.417,중간 (1),"N[고양시/파주시]일산 ITQ , GTQ 시험장 / 더조은컴퓨터아트학원2023-02-02자격증시험접수는 더조은컴퓨터학원 일산캠퍼스 ITQ / GTQ 자격증 국비지원 교육도 역시 고양시/파주시를 대표하는 국비지원 교육센터 일산 더조은에서 함께 하세요~~! ☎ 031. 902. 1777 또는 카톡채팅 상담... 고양시국비지원 더조은컴퓨터학원 일산https://blog.naver.com/tjoeunis/223003275936N국민내일배움카드로 일산 더조은컴퓨터아트학원 등록하기2022-05-18국비지원이 되는 일산 더조은컴퓨터아트학원으로 선택을 했습니다. 먼저 더조은컴퓨터학원 일산캠퍼스와 통화 후 상담받으니 곧 개강하는 수업이 있어 그 수업을 듣기로 했습니다. 등록은... 여니의 공간https://blog.naver.com/mizzang15/222737712893N[일산 GTQ] GTQ 고사장은 더조은컴퓨터아트학원에서!2023-02-25안녕하세요 ^^ 더조은컴퓨터학원 일산캠퍼스입니다. 일산더조은에서는 매달 넷째 주 토요일 GTQ... 기초부터 자격증 취득까지 일산 더조은컴퓨터학원에서 함께하세요 :) 국민 내일배움카드 국비지원... 일산컴퓨터학원 국비지원 최고의 강의https://blog.naver.com/tjoeun_is/223027106685N포토샵&일러스트1급♬더조은컴퓨터학원 인천점♪2023-02-22<더조은컴퓨터학원 인천점> 내부 엘베 내려서 오른쪽 문열자마자 안내데스크 남자분 혼자 계셧는데 친절하셧어용ㅋㅋㅋㅋ <내일배움카드 사용> 학원에서 최소 수강인원이 되어야 개강 이번에 내일배움카드... ♪황소고집&해피바이러스 일상♬https://blog.naver.com/dbswltn0915/223024637103N[일산] 더조은컴퓨터학원 내일배움카드로 웹디자인을 배우다!2022-02-22경기 고양시 일산동구 중앙로1275번길 38-10 우림로데오스위트 2층 201호 안녕하세요 이웃님들!! 잘 지내고... 푸슬이는 고등학교때부터 컴퓨터를 안써봐서 마우스를 본체에 연결하는 것도 알게된지 얼마 안된... 푸슬의 씐나는 시간들♡https://blog.naver.com/loveis_95/222654322421N고양시전단지배포,일산전단지배포,더조은컴퓨터아트학원... 2022-12-20위치한 더조은컴퓨터아트학원"" 일산디자인학원에서 자격증", 포트폴리오, 취업까지~~ 디자인학원 교육 선택의 핵심!! 기초실무강의~ 자격증취득~ 포트폴리오완선~ 취업성공~ 까지~~~ 더조은컴퓨터학원 일산캠퍼... 멘토기획https://blog.naver.com/did3617did/222960947089N일산웹디자인 일산쇼핑몰구축 일산컴퓨터학원 더조은컴퓨터학원2020-10-20#일산웹디자인 #일산컴퓨터학원 #일산더조은컴퓨터학원 #포토샵 #국비지원 #내일배움카드 #취업성공패키지 #쇼핑몰구축 #쇼핑몰운영관리 #쇼핑몰창업교육 #온라인쇼핑몰교육일상생활 이야기https://blog.naver.com/pulbat_salon/222120853039N일산웹디자인 일산컴퓨터학원... 공부해요! 더조은컴퓨터학원2020-10-20안녕하세요, 일상이입니다 어제부터 국비지원 나라배움카드로 쇼핑몰&웹디자인 공부를 시작해서 일산더조은컴퓨터학원을 소개해보려고 합니다! 더조은컴퓨터학원은 일산 장항동 라페스타 근처에... 일산 절약왕https://blog.naver.com/chongfa1000/222120910141N일산웹디자인 일산쇼핑몰구축 일산컴퓨터학원 더조은컴퓨터학... 2020-10-20일산 더조은 컴퓨터 학원 일산웹디자인& 쇼핑몰 내일배움카드 일산웹디자인 일산쇼핑몰구축 일산컴퓨터학원 더조은컴퓨터학원 국비지원 내일배움카드입구 전경이고요 일산웹디자인 일산쇼핑몰구축... 핸즈업의 내몸 건강관리 블로그https://blog.naver.com/zimdole/222120856566N더조은컴퓨터 일산 포토샵학원 상담후기2015-07-24이상 상담후기 끄읕 더조은컴퓨터학원,더조은컴퓨터아트학원일산,일산웹디자인,일산오토캐드,일산캐드,일산퍼블리셔,일산it학원,일산웹디자인학원,전산회계학원,일산전산회계학원,"더조은컴퓨터학원회계... 개허탈의 IT기기에 묻힌세상https://blog.naver.com/zhsks880/220430190971"""
-,SK쉴더스 루키즈,290,660,950,103,0.108,낮음 (0),"NSK 쉴더스 루키즈(국비지원교육)2023-03-08SK 쉴더스 루키즈라는 국비지원 프로그램이었는데, 컴퓨터 관련 전공이 아니었던 나는 얘기를... 후에 SK 쉴더스에 입사하지 못하게 되더라도 취업연계까지 시켜준다는 사이트 안내문을 보면서 결심을 굳혔고... 낮에 살자https://blog.naver.com/adiet1107/223038397702NSK쉴더스 루키즈 12기 지원 후기 (SK Shieldus Rookies)2023-02-06SK쉴더스 루키즈 홈페이지에서 수강신청 지원을 하고 자소서를 쓰면 얼마 후에 면접 전형 안내가 온다... 수료하면 SK쉴더스 입사는 당연히 할 것 같다 회사 생활 잘할 것 같다 등의 칭찬도 많이 해주셨다... ENTJ 엔티제 삵의 삶https://blog.naver.com/entj_sark/223006745815N[SK쉴더스 루키즈 7기] 클라우드기반 데이터 보안 전문가... 2022-08-07하나인 SK쉴더스 루키즈 정보보안 과정에 7기로 참여하게 되었습니다! 이 과정에 대한 지극히 개인적인... 일단 SK계열사인 SK쉴더스가 주관하고 더불어서 취업 연계까지 시켜준다는 점이 가장 매력적이었습니다.... J' Societyhttps://blog.naver.com/wotjs6763/222842219146NSK쉴더스 루키즈 클라우드 기반 스마트 융합보안 양성과정 12기2023-02-01오늘은 SK쉴더스 루키즈 클라우드 기반 스마트 융합보안 양성과정에 대해서 알아보려고 합니다.... kr) ← 지원 신청 #루키즈 #12기 #SK쉴더스 #클라우드 기반 스마트 융햡보안 #클라우드 #보안 #ITIT studyhttps://blog.naver.com/jively_00/223002356151NSK 쉴더스 루키즈 12기(SK shieldus Rookies)2023-02-10SK쉴더스 루키즈 지원 후기 ~.~ 전부터 하고 싶었던 교육과정인데 11기는 타이밍이 안맞아서 지원을 못했었고 12기 지원이 떠서 바로 지원했다 SK 쉴더스 주니어 홈페이지에서 수강신청 지원을 하고 자소서를... ㅤhttps://blog.naver.com/boss3413/223010959695NSK쉴더스, 클라우드 보안... 나선다 ‘SK쉴더스 루키즈’ 공개... 2021-11-29SK쉴더스, 클라우드 보안 실무형 인재 양성 나선다 ‘SK쉴더스 루키즈’ 공개 모집 - 최신 보안 트렌드와 실무 반영된 ‘클라우드 보안 융합 전문가’, ‘클라우드 기반 데이터 보안 전문가’ 과정 운영... 유용한 채용정보 SK쉴더스 당근https://blog.naver.com/kss0031s/222581910714NSK 쉴더스 루키즈 8기 모집 - 클라우드 기반 스마트 융합보안... 2022-04-27SK 쉴더스 루키즈 8기 모집 - 클라우드 기반 스마트 융합보안 과정을 모집합니다. 모의해킹, 침해사고분석, 클라우드 기반의 보안을 단계별로 배우고, SK 쉴더스 취업을 목표로 하고 싶다면... 글쓰기의 행복, 복지CEO 니키https://blog.naver.com/chogar/222712904017N우리의 안녕을 지키는 화이트해커 그룹, SK쉴더스 EQST Lab... 2023-02-27김세용 수석: SK쉴더스 루키즈는 대부분 SK쉴더스에 입사를 희망하는 취업준비생을 대상으로 강의를 진행해요. 보안 실무자가 아닌 수강생 눈높이에 맞춰서 진행하기 때문에, SK쉴더스 입사를 희망하는... SK쉴더스 공식 블로그https://blog.naver.com/sk_shieldus/223029134574NSK쉴더스 9기 교육생 모집 - 클라우드 기반 스마트융합보안 과정2022-07-20SK쉴더스 9기 교육생 모집 - 클라우드 기반 스마트융합보안 과정에서는 SK쉴더스 전문가들의 실무 프로젝트 멘토링 대기업 주도의 채용연계 교육으로 신입사원 선발 SK쉴더스 보안 루키즈 인증 및... 인크루트 공식블로그https://blog.naver.com/incruit1/222820509630NSK쉴더스 5월 상장…몸값 3.5조 도전2022-04-01지사 #sk쉴더스sk텔레콤챔피언십상금 #klpgask쉴더스 #klpgask쉴더스우승자 #sk쉴더스루키즈 #sk쉴더스초봉 #sk쉴더스블라인드 #sk쉴더스잡플래닛 #sk쉴더스월정료 #sk쉴더스 공모주 #sk쉴더스고양G trendhttps://blog.naver.com/bluechipsinvest/222688482089",,,,,,,,,,,,,
-,NHN academy,10,10,20,"2,745",137.25,낮음 (0),"N[NHN Academy] Advanced Java 과정 (02/10)2023-02-19NHN Academy에서 주관하는 Advanced Java 과정에 대한 학습을 진행합니다. 복습 차원에서 해당하는 내용에 대한 정리를 목표로 합니다. 열일곱 번째 수업에서는 선발 과정에 대한 최종 시험이... 까롱님의 블로그https://blog.naver.com/kusun1020/223020402698NNHN Academy 경남 캠퍼스 2기 웹서비스 개발 Bootcamp... 2022-09-21이제 점점 여름이 지나가고있는 것이 느껴지네요 한풀 꺾이는 더위와 함께 찾아온 프로그램은 바로 NHN현직 개발자가 직접 기획하고 가르치는 [NHN Academy 경남 캠퍼스 2기 웹서비스 개발 Bootcamp... USG교육센터(경상국립대)https://blog.naver.com/smart-usg/222880919908NNHN, ‘NHN Academy 경남센터’ 설립2022-01-07NHN은 소프트웨어 인재 양성을 위한 전문교육기관 'NHN 아카데미'를 설립하고 경남 지역 SW 인재 양성을 위한 연수생을 모집한다고 7일 발표했다. NHN 아카데미는 지역 청년을 대상으로 SW개발 및 기획 연수... 삼성컴퓨터전산회계학원^_^https://blog.naver.com/minchaeryn/222615444193NAcademy of fine arts - Coop Himmelb(l)au2006-01-12Salade De Fruits <@NHN@LINEBREAKER@NHN@> Academy of fine arts The project was to expand the Academy of Fine Arts in Munich, built in 1876. COOP HIMMELB(L)AU's design concept is based on... 아키홀릭https://blog.naver.com/jinsub0707/140020896058T[뉴스] innovation academy2020-10-30kr Innovation Academy는 프랑스의 에꼴42를 모델로해서 만들어진 것으로 알고 있습니다. 소프트웨어 인재양성과 소프트웨어 산업발전에 기여할 목적으로 2019년에 설립된 비영리 재단입니다. NHN NEXT... 두레박 캠퍼스https://duriepark.tistory.com/entry/%EB%89%B4%EC%8A%A4-innovation-academyNThe Recording Academy NY Chapter2007-09-30The Recording Academy NY Chapter Tribute to Bon Jovi, Alicia Keys, Donnie McClurkin and Creators of West Side Story. 즉 본 조비, 앨리샤 키스, 도니 맥클러킨, 뮤지컬 웨스트 사이드 스토리 제작진들이 상을 받았습니다. <@NHN... Next 100 yearshttps://blog.naver.com/witgirl0417/30022661244NCalifornia Academy of Sciences2008-09-29California Academy of Sciences / Renzo Piano 가끔 이런 작업을 하기도 한다.... And now to the green facts: <@NHN@LINEBREAKER@NHN@> Heat and Humidity Radiant floor heating will... .https://blog.naver.com/oooixxx/130035716074N[이벤트 ]남양주 애견 훈련학교 네이처 // D&H Nature Academy... 2019-04-11안녕하세요 ^ Dogs and Human / 남양주 지원 Nature Academy에서 개와의 반려 생활을 위한 필독서... Nature / Dogs and Human 출판사 :도서 상세 내용 안내 https://book.naver.com/bookdb/book_detail.nhn?bid=14733213nature / Dogs & Humanhttps://blog.naver.com/dogs159/221510790148N2.샌프란시스코 - California Academy of Science2013-01-15샌프란시스코 - California Academy of Science 골든 게이트파크 Golden Gate Park안에 위치한 친환경 자연사... 여행을 통해 발견한 ‘Real LA’를 즐겁고 유쾌하게 담았다. http://book.naver.com/bookdb/price.nhn?bid=7296671지구별 여행 스케치https://blog.naver.com/2000iim/20176097032N1980  [신병 교육대]  Up the Academy2008-12-31v=qqjmhw-rw_0 Up The Academy Pt. 10 http://kr.youtube.com/watch?v=SFmsuZKKc1g ---------------------------- http://www.imdb.com/title/tt0081695/ http://movie.naver.com/movie/bi/mi/basic.nhn?code... 明이의 블로그https://blog.naver.com/mcfunny/90039708105""",,,,,,,,,,,,,
-,KxCoding,10,10,20,48,2.4,낮음 (0),"NkxCoding Mastering SwiftUI 강의 추천2021-08-05https://kxcoding.com/course/mastering-swiftui 우리의 긴 밥벌이를 위해서라면 언젠가는 SwiftUI에 대해 알아야 한다고 생각합니다!! 미리미리 공부해두면 다 쓸날이 오겠죠!!! 공부를 하긴 해야하는데.. 공식문서가... 나리의 일상https://blog.naver.com/nyaminyam/222458077171Nkxcoding ios mastering 수강 중2021-07-12network, concurrency, db, UI 등등.. 이해 안 되는 부분은 다시 들어 보고 나중에 필요하면 다른 강의도 구매해볼까 하는 생각이다. https://kxcoding.com/learning/mastering-ios/data-persistence-overview/26웅이네https://blog.naver.com/goldcrock/222428889615T[iOS] Kxcoding Rxswift 마스터링 완강 솔직 후기 (비추)2021-10-12?? 취업/경험 [iOS] Kxcoding Rxswift 마스터링 완강 솔직 후기 (비추) 2021. 10. 12. 15:50 어제 이후로 Kxcoding Rxswift 완강하였습니다 저는 인증서 받는걸 좋아해요 ..! 내가 뭘하나 완강은 했구나 하고서... iOS Develop ? iOS Develophttps://cau-meng2.tistory.com/127N[KxCoding] Mastering Swift 수강 후기.2021-01-16KxCoding으로 선택한 이유 Swift공부를 시작하겠다고 한지 벌써 반년이 지났다. (사실 제대로... 업데이트해주는곳은 KxCoding이 유일했다. 그래서 이곳을 선택했다. 강의화면 홈페이지에서 자체적인 플레이어로... Quakerhttps://blog.naver.com/quaker_/222209546222NKXCoding Swift, iOS 강의2021-01-17#KXCoding #iOS #강의 #아이폰 #앱 #swift iOS 온라인 강의 소개. https://kxcoding.com/course/mastering-ios https://kxcoding.com/course/mastering-swift 한때 취미로 iOS 개발을 해야겠다는 생각을 한 적이 있었다. 꼼꼼한... 나님의블로그https://blog.naver.com/gilonnon/222210080701NKXCoding - Mastering iOS 수강 후기2021-09-30작년 11월에 등록했던 Mastering iOS 강의를 올해 9월달부터 듣게 되었습니다.. 예전에 빨리 iOS 개발을 해야하는 일이 있어서 아무런 지식도 없이 무작정 주먹구구식으로 개발하였습니다. 하지만 지금은 이 강의를... bloghttps://blog.naver.com/kiser37/222522321789NSwift - Mastering iOS(KxCoding)2020-10-05Swift 강의 (Kxcoding) - Swipe Gesture 편 - UISwipeGestureRecognizer - Swipe Gesture 검출 방식 - 화면 전환... 저는 ios의 기초가 많이 부족하여 강의를 찾다가 KxCoding을 알게 되었는데요 UI를 그리는... lg580님의 블로그https://blog.naver.com/lg580/222107541595Nkxcoding youtube memo app2020-09-29보고 필요한 점 1. 코드 분리하기 따로 쓰기 귀찮아도 view로 분리할 수 있는 거 다 분리하자.. button도 ... 2. fileprivate 공유x하는 코드 fileprivate으로 .. 예를 들어 상단 취소 버튼... 빛나는 기념품 가게https://blog.naver.com/shiny_souvenir/222102963029NkxCoding Mastering Swift 추천2021-08-03https://kxcoding.com/course/mastering-swift 일년정도 들었는데, 공부 중 중간중간 모르는 개념이 있을 때 보기 좋고 Swift를 처음 하는 사람도 알기 쉽게 설명해줘서 (+ 개발이 처음인사람이 봐도... 나리의 일상https://blog.naver.com/nyaminyam/222455896436NkxCoding Mastering RxSwift 강의 추천2021-08-03https://kxcoding.com/course/mastering-rxswift iOS 개발에 어느정도 자신이 붙으셨다면, 더 효율적인 개발을 위해 RxSwift 강의를 들어보시죠~~ 비동기 처리를 쉽게 해주는 API인데 러닝커브가 있는 편이라... 나리의 일상https://blog.naver.com/nyaminyam/222455925959",,,,,,,,,,,,,
-,해피스마일,210,"1,990","2,200","22,106",10.048,높음 (3),"N여성건강관리 구전녹용 정경부인 Pick! 해피스마일 이벤트2023-03-06해피스마일 이벤트까지 참여해봐요 ♥ 작년에 출산을 하고 나니 임신하기 전보다 확실히 몸에 활력이... 있는 해피스마일 이벤트가 진행되고 있더라고요 :) 선착순 100명에게 증정이 되고, 기간은 2023년 3월... 유튜버 차수리미 V-Bloghttps://blog.naver.com/cha_23/223030845132N파리바게트 해피스마일 케이크 작고 저렴한 케잌2022-12-07파리바게트 해피스마일 케이크로 골랐어요. 일반 케이크보다 조금 작은 만큼, 가격도 저렴한... 상자도 귀여운 해피스마일. 지름 13cm로 작고, 23,000원으로 저렴한 값이라 좋습니다. 물가가 올라서 요즘엔... 양감의 양감LIFEhttps://blog.naver.com/yangsart/222949124281N원형매트 & 주방발매트 파크론 해피스마일 시그니처 get!2021-03-16파크론 해피스마일 시그니처 더스트앤드 원형매트도 들였다. 사이즈 : 138 x 138 x 0.55cm 재질: 퓨어 PVC ㅋㅋㅋㅋ 우리집을 들어오면 가장 먼저 왕크게 왕스마일로 웃고있는 이녀석이 보이는데 참 기분을 좋게... 삼형제엄마?엔쮸https://blog.naver.com/goollu/222277927329N<화도읍치과 > 어금니 충치치료 친절하고, 편안한  해피스마일치과2022-10-31내가 살고 있는 별내동에서 차로 20분 정도 거리에 있는 해피스마일치과 티맵 검색을 통해서 쉽게... 2층 해피스마일치과 진료는 처음이였기 때문에 초진접수증에 간단한 인적사항을 기재한 후 설문을... 맛나누리https://blog.naver.com/3360280/222915497544N파리바게트 해피스마일 케이크 추천? 이건 뭐랄까2022-03-12마침, 3월파바데이 해피쿠폰으로 무려 4.000원이나 할인받을수 있어서 땡쿠! 정상가격은 21.000 원... 파리바게트 해피스마일케이크 짠! 사실, 케이크 살일 생기면, 노티드 스마일케이크 사봐야지 했는데, 근처에... 쏭이부부 리얼라이프??https://blog.naver.com/simple4977/222670761433Npre-order15%할인:: 원형드로잉러그/ 해피스마일매트... 2021-06-02주문서는 하단에 확인하실 수 있게 링크해둘께요:) 해피스마일매트세트 차콜바이어스ver. 정상가... Made in Korea 제가 특히 사진을 정말 많이 찍었네요 해피스마일세트:) 바탕색이 삼원색 노랑 아니고... 햇살앳홈♩https://blog.naver.com/rugathome_kr/222380873482N파리바게트 케이크 해피스마일 현대카드 M포인트 할인 겟2023-02-27하늘색바탕에 데이지스마일이 안녕. 파리바게트 해피스마일 케이크 짜란- 열어보니 더 귀여워요. 절로 미소가 지어지던 파리바게트케이크 스마일 좋아하는 아이들도 어느샌가는 보고 달려와 언제 먹을꺼냐며... 도뜨맘의 육아일기 사진일기https://blog.naver.com/ricocake/223028839714N신상 폴란드그릇  입고  '2021 해피 스마일 컬렉션'2021-06-13우리 모두 오랫동안 기다려 왔던 일상 그 일상으로 가는 해피 스마일~~ 귀여운 스마일 꽃문양! 아이랑 함께 쓰는 그릇 해피스마일~ 코로나 종료! Happy Smile~♡ 스마일 꽃은 항상 웃는 얼굴, 밝고 행복한 인생을... 노라덕https://blog.naver.com/noraduck/222396214295N거실매트 파크론 [시그니처 더스트앤드 쿠션매트 해피스마일]2021-02-28더스트엔드 해피스마일은 먼지없는 PVC재질의 쿠션매트라서 카페트나 러그가 부담스러웠던 분들에게 활용도 높은 거실매트가 되어 줄 수 있습니다 커다란 스마일이 보고만 있어도 괜히 기분좋이게 해주는 러그... ??뭐든지 즐거운 검소한여인https://blog.naver.com/kittyhwang/222258906410N해피스마일 유아수면조끼 겨울 아기옷 추천2022-11-05알록달록하지 않아서 좋음 아래 다리 사이에는 단추가 달려서 바둥바둥 움직여도 기어 올라가지 않아서 만족 등에도 해피해피스마일 로고가 붙어있는 게 귀여움!! 이런 디테일이 좋다 요즘 열심히 터미타임 하는... 햄복생활https://blog.naver.com/hamcci2/222920271317",,,,,,,,,,,,,
-,크래프톤 정글,440,570,"1,010",275,0.272,낮음 (0),"N개발자 양성과정, 크래프톤 정글 지원서 꿀팁정리!2023-01-26크래프톤 핵심 키워드에 관련 되게끔 자신의 경험을 연결해주는것이 좋습니다. 크래프톤 정글의... 또한, 앞서 지원서 작성 시 동일한 정글의 핵심가치 3가지(자기주도적 학습과 협력 그리고 의지)를 중요하게... 지니의 IT 여행노트https://blog.naver.com/zizonhjh/222995011148N최고의 소프트웨어 개발자 교육 프로그램, 크래프톤 정글 2기... 2023-01-10크래프톤 정글을 잘 모르는 분들 위해 자세히 소개를 하자면, KAIST에서 운영되는 SW사관학교 정글... 크래프톤, 무신사, 당근마켓,,,등 탄탄한 협력사들로 하여금 높은 우선 순위로 취업 기회가 주어진다는... 주리오의 겜잇이야기https://blog.naver.com/jjang986/222977171050N크래프톤 정글 2기 모집, 소프트웨어 개발자 집중 합숙 교육2023-01-19유명한 크래프톤에서 운영하는, '크래프톤 정글'이라는 소프트웨어 개발자 양성 교육... 과학기술 분야에서 국내 최정상급 수준으로 평가받는 교육기관, KAIST에서 운영하는 'SW 사관학교 정글' 모델을... WTsIThttps://blog.naver.com/workstirelessly/222988718102NKAIST JUNGLE 커리큘럼 기반, 크래프톤 정글 SW 개발자 양성... 2022-08-16(출처 : 크래프톤 홈페이지) 특히 과학기술 분야에서는 국내 최정상급 수준이라고 할 수 있는 KAIST에서 운영하는 비학위과정 SW사관학교 정글 모델을 벤치마킹한 프로그램으로 , CS의 핵심을 배워 기초 체력이... JD의 취미공간https://blog.naver.com/anisaver/222846725357N크래프톤 정글 2기! 소프트웨어 개발자 교육부터 채용까지!2023-01-12출처 : 크래프톤 홈페이지 지원자라면 교육이 어떤 커리큘럼으로 진행되는지도 궁금할 겁니다. 크래프톤 정글 2기 역시 KAIST에서 운영되는 SW사관학교 정글 모델을 벤치마킹하여 만들어졌는데요. 현업에서... 국국이네https://blog.naver.com/dsw99248/222980520733N크래프톤 정글 지원서 작성 꿀팁 개발자 교육부터 취업까지2023-01-26크래프톤 정글에서 제공하는 소개영상 쉽게 만들기를 보고 시작하면 좋습니다. 해당 버튼을 클릭하면 영상 촬영에 대한 웹툰 가이드를 볼 수 있는데요. 확실히 이해도 쉽고, 웹툰 화자가 일반적인 정글 지원자와... D이지, IT, TODAY ♪♬https://blog.naver.com/here_i/222995027467N불확실한 개발자 취업? '크래프톤 정글 2기'로 교육부터 채용까지2023-01-18크래프톤, 하이브, 당근 마켓 등 다양한 협력사로 취업할 수 있는 기회도 제공하고 있고요. 5개월... 있는데, 크래프톤 정글 2기는 요구 조건에 맞는 웹사이트를 만들어 제출해야 하며, 최종 평가를 통해 정글에... 보리의 Daily Lifehttps://blog.naver.com/bori2477/222987383987N양성 프로그램 크래프톤 정글 지원자 모집 소식 알아보기2022-08-08커리큘럼을 자세히 살펴본다면 KAIST에서 운영되고 있는 ‘SW사관학교 정글’ 모델을 벤치마킹했으며... 있는 크래프톤 정글만의 특징이 아닌가 싶습니다. 또한 크래프톤을 포함해 당근마켓, 니어스랩... 청비대제(청룡비둘기)의 휴식공간https://blog.naver.com/dbsgns2011/222842775253N크래프톤 정글 2기 지원 후기2023-03-12이대로면 코딩테스트 공부해서 제조업 SW쪽밖에 남을 수 없을것같다 싶어서 크래프톤 정글을 지원했다. 지원하면서도 이 길이란 확신은 없었다. 사실 그거때문에 정말 많이 고민했고, 그래서 SW사관학교 정글은... blue or greyhttps://blog.naver.com/blueorgrey/223042255494N크래프톤 정글 2기 모집! 소프트웨어 개발자 교육 특징은?2023-01-13[출처 : 크래프톤 홈페이지] 먼저 크래프톤 정글 소프트웨어 개발자 교육이 가지고 있는 몇 가지 특징을... 커리큘럼의 경우 컴퓨팅 사고로의 전환, 탐험 준비, 정글 끝까지, 나만의 무기를 갖기, 세상에... 이퓨의 IT's IThttps://blog.naver.com/iffu/222982103531",,,,,,,,,,,,,
-,알고리즘잡스,240,400,640,"6,127",9.573,- (-),"NSSAFY 8기 알고리즘잡스 합격케어 패키지 리얼후기... 2022-07-12실제 SSAFY 합격 케어 패키지 이전 수강생 분께서는 알고리즘잡스의 SSAFY 과정을 수강하고, SSAFY 과정에 입교 했고, 알고리즘을 본격적으로 배우는 몰입캠프에도 지원해서 결국 IT 대기업에 합격했다고... 알고리즘잡스 공식블로그https://blog.naver.com/algorithmjobs/222809030815N알고리즘잡스 내돈내산 후기2022-07-28***알고리즘 잡스 몰입캠프 결제내역을 업로드 할 수 없어서(ㅜㅠ 은행앱 캡쳐 불가) 수업중 받았던... (6) [ 강의 및 과제 프로세스 ] - 시험 빈출 알고리즘 및 유형 체득이 쉬움 (7) [ 강의 및 과제 프로세스 ]... dodo_it18님의블로그https://blog.naver.com/dodo_it18/222832420714N알고리즘잡스 몰입캠프 후기2021-05-10*** 알고리즘 잡스는 대학친구한테 추천받아서 알게 됐고, 친구가 했을 때에는 (2년 전이다) 코로나가... 알고리즘잡스 홈페이지에서 진도표를 캡쳐해왔다. 한 주에 나가야 하는 진도가 은근 빡세다. [목요일... 남기고 싶은 기록https://blog.naver.com/whj821/222344441025N알고리즘 잡스 싸피 모의고사 후기2022-10-26홀릭스 페이지에서는 다음과 같이 알고리즘 잡스에서 진행하는 SSAFY 모의고사 6회에 대한 강의를 제공하고 있다. 그러니까 알고리즘 잡스에서 모의고사를 본 후에, 홀릭스에서 그 모의고사에 대한 해설 강의를... 정신 건강과 몸 건강을 위한https://blog.naver.com/jung205103/222911504362NSSAFY 대비 온라인 강의 : 홀릭스(알고리즘잡스)2022-11-07보다 더 완벽한 준비를 위해서 인강을 찾아보다가 알고리즘 잡스의 홀릭스를 알게되었습니다. 강의는 웹(모바일/데스크탑)에서도 앱에서도 수강이 가능합니다. 저는 편하게 이동하며 보기 위해서... .https://blog.naver.com/cheriecherry/222922736933N알고리즘 잡스 5개월 수업 솔직 후기2021-05-18#알고리즘잡스 #알고리즘 #알고리즘공부 #알고리즘수업 #온라인수업 #취업 #취준 #코딩테스트 #카카오코딩테스트 #후기 몰입캠프후기 1월1일부터 5월10일까지 5개월이 넘는 시간 동안 공부한 알고리즘 잡스... 냥이맘님의 블로그https://blog.naver.com/qogmlwls7/222355407324N[2022.09.25] 알고리즘잡스 기록 남기기 시작2022-09-25친한 대학 동기의 추천으로 알고리즘잡스라는 프로그래밍 언어, 알고리즘 실력 향상 프로그램에 참여하게 되었다. 이번 달 초부터 시작해서 어느새 한달이 다 되어 가는데, 지금까지는 간단한 문제들이... 채돌채돌의 학업 공간https://blog.naver.com/codbs0627/222883363577NIT취업 알고리즘잡스에서 알고리즘공부해서 취뽀하자!2018-03-18뛰어난 스펙을 가진 선생님들부터 시작해서 신뢰가 가는 알고리즘 잡스! 이러한 알고리즘공부에서 알고리즘잡스는 독보적으로 준비가 되어있는 학원이에요! 효율적인 커리큘럼과 개인에게 맞추어진... 명이의 Interestshttps://blog.naver.com/myung2_/221231598153N알고리즘잡스 - 삼성 SW역량테스트 합격자 분석 및 하반기 대비... 2019-05-28세미나 중간 중간 합격자들의 인터뷰를 보여주는데 모두 노력파에 알고리즘잡스에서 수강한 것을 후회하지 않는다고 한다.사실 나는 알고리즘 테스트에서 합격하려면 머리가 뛰어나야 한다고 생각했다.물론... 대기만성사나이https://blog.naver.com/taesonpark/221549005787N알고리즘잡스(Algorithm Jobs) - 5주차 후기 # 다시 시작한... 2019-01-15그러나 알고리즘잡스는 순서대로 문제를 풀 수 있고, 내가 어떤 걸 이용해서 푸는지 알 수 있다는게 좋은 점이다. 나는 그게 제일 좋다. 어떤 알고리즘이 있고, 문제를 통해서 이를 구현할 수... Nathan 일상/개발 블로그https://blog.naver.com/tkdldjs35/221442913489",,,,,,,,,,,,,
-,앨런 스쿨,10,10,20,"4,887",244.35,낮음 (0),"N용인 동백 앨런골프스쿨 클럽피팅, 샤프트 드라이버 부러짐... 2022-02-16그러다가 발견한 용인 동백에 위치한 앨런골프스쿨 피터스클럽 ! 골프레슨, 스윙분석은 물론 클럽 피팅까지 전문적으로 하는 피팅샵이다. 용인 동백 피팅샵 앨런골프클럽 070-8814-0977 영업시간 (매일) 08:00... 주야 블로그 ?https://blog.naver.com/edr816/222648921581N앨런 Swift문법 마스터 스쿨 수료 후기2022-11-13바로 앨런 Swift문법 마스터 스쿨""이였다. 기초부터 탄탄히 다지고 싶다는 내 맘을 알고리즘은... 그럼 13기 앨런 스쿨이 어떻게 진행되었는지 후기를 쓰러 가보자고~ 앨런스쿨 13기 수료 1. 온라인 강의 일단... 소소한 일상https://blog.naver.com/72bwithu/222927130489N[크래비티/앨런]크래비티 앨런 애프터 스쿨 클럽 (ASC) 고정MC... 2022-03-26[크래비티/앨런]크래비티 앨런 애프터 스쿨 클럽 (ASC) 고정MC 발탁 크래비티/CRAVITY/앨런/마앨런/애프터스쿨클럽/ASC/에엣씨/엠씨/MC/고정/출연/첫방송/아리랑티비/제이미/티오원/재윤 민희에 이어서 우리... 그 여정이 바로 보상이다https://blog.naver.com/whalswn1169/222683461691N로이나인[크래비티 앨런]-아리랑TV 애프터 스쿨클럽 화이트... 2022-05-25사진출처 - 애프터스쿨클럽 트위터 사진출처 - 크래비티 트위터 ■ Celeb : 크래비티 앨런 ■ 아리랑TV 애프터스쿨클럽 ■ Item : 화이트 패턴 니트 베스트 크래비티 앨런씨가 애프터스쿨클럽에서 로이나인... ROYNINE_officialhttps://blog.naver.com/roynine_official/222746567791N[앨런 그린스펀] 앨런 그린스펀의 와튼 스쿨 졸업 연설문(2005)2016-04-08Alan Greenspan’s Wharton School Commencement Speech 앨런 그린스펀의 와튼 스쿨 졸업식 연설 2005년 5월 15일", 와튼 스쿨 앨런 그린스펀(1926~ ) 앨런 그린스펀은 미국의 경제학자이며 1987년에서 2006년까지 미... 반석출판사 공식 블로그https://blog.naver.com/bansokbooks/220677825494NSchool  앨런데일 콜럼비아 스쿨 (뉴욕 준 명문... 2018-03-30앨런데일 콜럼비아 스쿨 특징 앨런데일 콜럼비아 스쿨은 뉴욕의 로체스터에 위치하는 남녀공학 사립학교로 동부에서 알려진 훌륭한 사립학교입니다. 33에이커... (주)애임하이교육 블로그https://blog.naver.com/ahuhak/221240984619N[아리랑TV카드뉴스]애프터스쿨클럽," 앨런 합류!2022-03-28CRAVITY(크래비티)멤버의 '앨런' CRAVITY(크래비티)멤버의 앨런_애프터스쿨클럽_아리랑TV ⓒarirang 제작진은 “크래비가 ASC에 첫 출연했을 때부터 영어로 능숙하게 대화를... 아리랑TV(아리랑국제방송)https://blog.naver.com/kibfarirang/222685246480N[미국 조기유학] 뉴욕주 추천 보딩스쿨 앨런데일... 2019-10-31미국 뉴욕주 로체스터 추천 보딩스쿨 앨런데일 콜럼비아 스쿨 Allendale Columbia School 안녕하세요! 오늘 소개해드릴 학교는 미국 뉴욕주의 로체스터에 위치한 남녀공학 보딩스쿨... 유학센터 공식 블로그https://blog.naver.com/yunuya3/221693817979N우디 앨런2022-11-10우디 앨런은 알란 스튜어트 코닉스버그라는 이름으로 1935년 11월 30일 뉴욕에서 태어났다. 가족은... 이후 그는 뉴 스쿨에서 가르쳤으며 라호스 에그리에게서 글쓰기를 배우기도 했다. . 뭐 홍상수 갬독닌에게... Brown.OChttps://blog.naver.com/brownoc/222925477291N앨런 더글라스 데이비슨(Allan Douglas Davidson ) 작품감상2023-02-04Allan Douglas Davidson (앨런 더글라스 데이비슨) 작품 감상하기 영국출신 (1873 5.14 ~ 1932.4.19)... 로얄아카데미스쿨 Royal Academy Schools 에서 미술을 공부 하여 메달과 Armitage Prize를... 같은하루 다른행복https://blog.naver.com/eun072988/223005180828""",,,,,,,,,,,
-,F-Lab,120,120,240,"14,803",61.679,- (-),"NF-LAB 비전공자, SI 개발자에서 IT 서비스 개발자로 이직2023-01-19F-LAB 비전공자, SI 개발자에서 IT 서비스 개발자로 이직 <출처> F-LAB YouTube F-LAB 후기 한번 살펴보도록 하겠습니다. 비전공자 SI 개발자에서 서비스 개발자로 수료생이 이야기하는 멘토링 후기 F-LAB 멘토링과 다른... ??Go고쌤교육??https://blog.naver.com/benefit5503/222988930359N[고객사례] F-Lab(에프랩) : 상위 1% 개발자 멘토링 & 커뮤니티... 2022-01-28궁금함을 참을 수 없어 직접 만나봤습니다.♂? (tmi : 네이버클라우드 고객사이기도 함)  & #FLab #에프랩 #박중수대표 #인터뷰 Interview with F-Lab 에프랩앤컴퍼니 박중수 대표님 Q. 안녕하세요! F-Lab 소개... 네이버 클라우드 플랫폼 (NAVER Cloud Platform)https://blog.naver.com/n_cloudplatform/222633463319N「LIGHT LENS LAB LTM 35mm f/2 Collapsible」(번역)2023-02-04「LIGHT LENS LAB LTM 35mm f/2 Collapsible」 본지 : 사토 타쿠 초점 공방은", LIGHT LENS LAB의 교환 렌즈 「LTM 35mm f/2 Collapsible」을 2월 3일에 발매했다. 라이카 M 마운트에 대응한다. 컬러는 실버와... 촬영감독 나종광https://blog.naver.com/1967jk/223005244520NF-lab을 시작하면서..2023-01-09어제 토요일, F-LAB OT를 다녀왔다. 잠깐 2022년을 돌아보자면, 가파르게 나에 대해서 돌아볼 수 있었던... 고민 중에 지인을 통해 F-LAB을 알게 되었고 고민 끝에 참여하게 되었다..! 여타 부트캠프 처럼 결과와... 승진이의 일상 블로그https://blog.naver.com/jiny-world/222978640418NF-Lab Conference (Growth for Developer) 참여 후기 및... 2021-10-31f-lab은 아래 링크를 통해 알 수 있는데," 생각보다 괜찮은 멘토링 프로그램을 통해 개발직군 취업/이직에 도움을 주는 회사이다. 제법 유명한 개발자 ""백기선""님께서 멘토로 참여하셨다고 한다. https://intro.f-lab.kr... 해피코딩 :-)https://blog.naver.com/nebi25/222554609097N천연과 LAB의 만남 '우신다이아몬드반지 1.1CT F VS2... 2022-11-0211 CARAT F COLOR VS2 CLARITY TRIPLE EXCELLENT UV . MODERATE S.V LAB GROWN 18K WHITE GOLD 메인은 천연의 1CT 스톤", 서브의 '멜레 스톤' 은 LAB GROWN 을 사용하였는데요 메인의 보석은 재산적 가치를 중요시 생각하셔서 천연으로... 바이슐 공식 블로그https://blog.naver.com/yunsgem1004/222917835035NF-LAB(다섯손가락)2021-05-29F-LAB의 첫 전시를 마치고... 며칠 전 끝난 전시가 벌써 아득하다. 다행하게도 화창한 5월의 날씨처럼 많은 분들의 발걸음과 격려 그리고 보내주신 응원으로 잘 마무리했다. 코로나 때문에 걱정스러웠던 전시.. 그... 작업공간 이음/ 퀼트/Art quilthttps://blog.naver.com/mqpm0202/222374079146N[f,lab] 뮤지컬 <위키드>와 NCT의 상관관계2021-04-05꼭 외출하는 날은 비가 온다. 정말 하늘에 구멍뚫린 것 마냥 한바가지 내렸음ㅎ_ㅎ 그래도 한바가지 비가 우리의 열정을 막을 수는 없기에! 너무 즐거웠던 하루를 길게 기록하고 싶어 여기에 남겨본다. 갑자기... polyamoryhttps://blog.naver.com/twin4705/222298819186NF & T LAB 인스타 그램2021-10-24에프엔티랩이 인스타그램을 시작했습니다. 소수로만 운영되던 작업실이고 규모를 늘리기 보다는 학생 한 분 한 분에게 더 신경을 쓰고 싶어서 홍보를 따로 하지 않았는데요. 우선 수업이 어떻게 진행되는지... Fashion Designer JEI's LABhttps://blog.naver.com/fashiondesigner1/222546319027N-- Frontier Lab사 고분자 및 첨가제 라이브러리 <F-Search... 2022-01-27[영인과학] Frontier Lab 고분자 및 첨가제 라이브러리 시스템," F-Search All-in-One (ver.3.6) 복잡한 유기 고분자 재료 분석을 위한 가장 강력하고 유일한 라이브러리 F-Search (최신 버전... 영인과학 공식 블로그https://blog.naver.com/younginscientific/222632002866""",,,,,,
-,이젠아카데미,"1,480","1,160","2,640","63,924",24.214,낮음 (0),"N[구리시] 이젠아카데미 컴퓨터학원2023-01-04오드리입니다:) 오늘은 구리시 이젠아카데미 컴퓨터 학원에대해 포스팅 해볼까합니다. 주소: 경기도... 구리이젠아카데미 컴퓨터학원 학원 휴게실입니다! 취업지원 게시판이 있네요. 구인신청서도 있고... 곰돌이랑 콩이네??https://blog.naver.com/vivian_153/222974696074N대치동 APRO 에이프로아카데미 이젠 독서논술도 줌수업... 2023-01-15대치동 APRO 에이프로아카데미 이젠 독서논술도 줌수업 가능 (Feat. 모모의책장) 오늘의 리뷰는 대치동 APRO 에이프로아카데미의 모모의책장이라는 온라인독서논술 에 대한 리뷰를 해볼거에욧! 본격공부(중학생... 따 로 또 같 이https://blog.naver.com/haosth/222985281396N이젠아카데미컴퓨터학원 인천캠퍼스 국비지원 교육 추천!2022-04-08안녕하세요~ 이젠아카데미컴퓨터학원 인천캠퍼스입니다. 여러분들은 취업하는 데에 있어 가장 필요한... 지금 바로 이젠아카데미컴퓨터학원 인천캠퍼스와 함께 알아볼까요? 취업 준비생이 매년 하는 고민은... 이젠아카데미컴퓨터학원 인천캠퍼스https://blog.naver.com/aytjoeun/222695197387N[국비지원- 이젠아카데미] 영상편집반 2주 후기 !!2023-03-10강남 이젠아카데미 컴퓨터 학원 아쉬운점은 학원 건물의 엘리베이터가 불편해요 학생이 많은편에 속해있는 13,14층은 아침 점심 특히 학원 끝나는 저녁시간에 모든 층이 3개의 엘리베이터를 같이 써야합니다... Diaryhttps://blog.naver.com/acid897/223040207912N[분당컴퓨터학원] 이젠아카데미 빅데이터 기반 AI 알고리즘... 2023-03-095년 인증 우수훈련기관 이젠아카데미컴퓨터학원 분당미금점입니다. 4차 산업혁명 전환으로 인공지능... 이젠아카데미 분당점에서는 파이썬 프로그래밍언어 습득부터 서버 구축 및 관리, 데이터베이스 응용... 이젠컴퓨터학원 성남 분당·모란캠퍼스https://blog.naver.com/ezensn/223039708130N직장인국비지원교육, 이젠 아카데미에서 가능하다고?2022-01-20안녕하세요~ 이젠아카데미컴퓨터학원입니다. 100세 시대를 넘어서 120세 시대를 살아가고 있는 만큼... 그런 분들께 이젠아카데미컴퓨터학원이 가장 추천해드리는 것은 바로 직장인국비지원교육을 수강하는... 이젠아카데미컴퓨터학원https://blog.naver.com/ezenacademymain/222626962117N노베이스 벼락치기, 안양이젠아카데미컴퓨터학원 고사장 후기2022-04-27안양이젠컴퓨터학원 고사장 후기 안양이젠아카데미컴퓨터학원은 안양요양병원 길 건너에 위치해있어요. 버스정류장은 대동문고, 안양시외버스정류장 근처에요. 1층 CU 건물 8층으로 가시면 됩니다!... NingMeng의 아쟈뵤https://blog.naver.com/marie51/222713535631N내일배움카드 발급방법, 카카오페이 이젠강남아카데미2023-01-14강남이젠아카데미 저는 건물이 어딘지 헤맸는데 무신사 뒤쪽 건물 13층입니다 한시간반이 기본으로 걸리지만 제가 원하는 시간이 강남밖에 없고 주말이기도 해서 괜찮다고 생각했는데 주말 아침일찍 학원을... 정제제 블로그https://blog.naver.com/wjdgk97/222984376942N이젠아카데미컴퓨터학원의 취업률이 높은 이유2022-11-21게다가 국비 지원도 가능한 학원이라고 하니 IT업계 취업에 관심이 있다면 이젠아카데미컴퓨터학원에서 수업 상담 한번 받아보세요! 자세한 커리큘럼 정보가 궁금하다면? 이젠아이티(IT)아카데미학원 서울... 이젠IT아카데미 블로그입니다.https://blog.naver.com/ezenitedu/222934496525N이젠아카데미 컴퓨터학원 종로캠퍼스 위치 및 시설, 수강... 2022-12-06이마반짝입니다? 두 달 째 이젠아카데미 종로캠퍼스에서 직장인 내일배움카드를 이용한 수업을 듣고 있습니다. 학원 가는 길, 학원시설, 분위기, 학과 과정 등에 대한 후기를 남겨요. 이젠아카데미... 코세블https://blog.naver.com/egobox/222947617297",,,,,,,,,,,,,
-,어댑터즈,10,10,20,7,0.35,낮음 (0),"N이야기를 이어주세요-릴레이 동아리 VLOG '어댑터즈'2020-09-18당신의 이야기를 이어주세요-릴레이 동아리 VLOG '어댑터즈' ?스스로넷 동아리 릴레이 참여 콘텐츠! 온라인 화면속에 갇힌 모습이 아닌 너의 모습을 보여줘, '어댑터즈'가 지목한 동아리는? https... 푸른나무재단 (청소년폭력예방재단)https://blog.naver.com/bakbht/222093094920N드래곤 어댑터즈2010-07-02취미생화아알https://blog.naver.com/qjsjsj1234/80110549324NSSRO-NET 20th, 미디어동아리 온라인 사진전시회2020-08-21사빠팀, #시넷물 #아그로 #어댑터즈 #웹툰동아리 #콘텐츠제작단 #플리트 이시국, 만날 수 없는 우리. 하지만 함께 있는 우리, 좋은날, 스스로넷에 오시면 1층 입구에서 오프라인 전시로... 스스로넷 공식블로그 SSROGhttps://blog.naver.com/ssro_net/222066846959N의사님 ADHD가 아니라 조증기간이 아닐까요2021-11-08어댑터즈? 라고 스파르타 코딩클럽하고 비슷한 사이트가 있는데 거기서도 무료강의 신청 받길래 신청했다. 일 벌리는데는 최고라니까-라고 했던 친구가 기억난다. 11월이라 다이어리를 사려는 사람들이 많았다.... 꼭꼭 씹어먹기https://blog.naver.com/dark_spear/222562127337N발렌스 라는걸 시작해봤습니다!2009-02-12드케랑 비슷한것으로 드래곤 어댑터즈랑 발렌스가 있더군요. 발렌스 쪽이 더 귀여워서(///) 한번 시작해봤습니다. 제일 처음 입양한게...bloodhawk라는데...뭘까요 이건.(영어... 구름 위의 하늘고래https://blog.naver.com/shanaiel/10042192915N인피니티와 시크릿 워즈 속 마블의 우주적 존재들2018-06-02따라서 맵메이커즈의 하수인/선공부대 시데라 마리스와 어댑토이즈는 비욘더즈의 하수인들입니다. 일루미나티(616)가 라붐 알랄을 찾고자 했을 때 엘로우자캣 행크 핌(616)에게 부탁했는데, 행크 핌은 되레... 아로니안의 히어로 캐스트https://blog.naver.com/sec1021/221288106957NALLEN BRADLEY PLC 로크웰 설치2018-09-18HMI는 PLC, 이더넷 어댑터와 달리 컴퓨터에서 IP주소를 설정할수 없습니다. 그러면 어떻게... 네트워크 어댑터즈 엔터 아이피 어드레스로 들어가서 필요여부에 따라 아이피 어드레스 , 서브넷 마스크... 경찰청창살쇠창살https://blog.naver.com/ikanon/221361178750",,,,,,,,,,,,,
-,라이징캠프,40,50,90,"2,665",29.611,중간 (1),"N[수료생 창업기업] 개발자 양성 라이징 캠프, '소프트 스퀘어드... 2022-07-07이번에는 멘토님들께서 창업한 개발자 양성 라이징캠프 '소프트스퀘어드'의 창업 과정을 담아왔는데요! 아래 자세한 인터뷰를 통해 어떻게 창업을 하셨는지 함께 알아보겠습니다!   첫 번째 질문  Q. 자기소개... SW마에스트로 공식 블로그https://blog.naver.com/sw_maestro/222796031760N라이징캠프 iOS 7기 수료/후기 (iOS 부트캠프)2022-08-05혹시 라이징캠프를 생각하고 있으신 분들이나 iOS 부트캠프를 생각하고 있는 사람이 있는 사람을 위해... 이렇게 6주간 수업과 과제를 마무리 하고 마지막 2주는 라이징테스트라는 것을 진행합니다. 라이징... 077Techhttps://blog.naver.com/chad0909/222840234058N학교에서 하는 애프터 스쿨 & 방학캠프 레인보우 라이징과... 2023-01-07일찍 출근하는 부모님들을 위한 Before스쿨도 운영되구요~ 방학때는 #레인보우라이징캠프 도 있어요. 지난 여름방학때 들었던 썸머캠프 스케줄의 일부분 입니다. 레인보우 라이징의 프로그램은 아주... California Realtor Erikahttps://blog.naver.com/calrealtorerika/222977376696N[라이징 프로그래머3 후기]_서울형 청년인턴 직무캠프2021-09-08[좋았던 점] 다른 부트캠프들도 많지만, 서울시의 심의를 거쳐 지원을 받는 만큼 더 믿음직했다.... #소프트스퀘어드 #너도개발자할수있어 #라이징프로그래머 #512 #솦퀘 #소프트스퀘어드후기 #라이징캠프... 포근한 일상여행https://blog.naver.com/modi_sungsoo/222499579603N(인천 투수 레슨) KT위즈 강민국 라이징 베이스볼 캠프 합류2021-11-10안녕하세요 라이징 베이스볼 대표 이태양입니다 출처 MK 스포츠 출처 OSEN 며칠 전 내야수 강민국 선수가 저희 캠프에 합류하였습니다 강민국 선수는 고등학생 때부터 아마추어 청소년대표 성인 대학 국가대표... 라이징 베이스볼 아카데미https://blog.naver.com/dlxodid128/222564471824N소프트스퀘어드 512세션 12기 서버 후기 (컴공선배 라이징캠프)2021-09-26않고 끝까지 해낼 수 있도록 도와주신 소프트스퀘어드 많은 멘토분들, 특히 데이빗과 그레이스에게 매우 감사드린다! (+ 현재, 컴공선배 '라이징캠프'라는 이름으로 모집되고 있다고 한다.) https://risingcamp.com/hyem_loghttps://blog.naver.com/gpals8486/222517598573N라이징스타즈와 함께하는 인성예절캠프를 마치고...2022-08-29안녕하세요~~ 토요일에 하남시장애인복지관에서 초등학생 아이들과 인성예절캠프 잘 마쳤습니다... 댄스하는 라이징스타즈 어린이들. ㅎㅎ 그동안 연습한 것을 마음껏 뽐냈지요~ 우리 두 딸도 열심히 예쁘게... 워킹맘 제아의 일상과 생각 나누기https://blog.naver.com/jea1999/222861545658N크래프톤) 라이징윙스, 캠프 캣 패밀리2022-07-21http://www.meconomynews.com/news/articleView.html?idxno=68774 크래프톤 '캠핑 캣 패밀리' 사전예약 19일 시작 방치형 힐링 모바일 게임 이용자는 친구와 함께 캠핑장에서 발견한 버려진 고양이들을 위해 캠핑장을... 유산(遺産)https://blog.naver.com/the_right_direction/222820814312N(라이징캠프 week5) API 연동 실습 결과2021-08-04고민을 한 끝에, 일단은 viewPager 기능을 이용하지 않고 구현하였다. 이 부분은 라이징 테스트 전 까지 따로 구현해 볼 계획이다. 깃 허브 주소: https://github.com/Seongrak-Choi/Rising-Camp/tree/master/week5아토의 안드로이드 스튜디오https://blog.naver.com/godgod153/222456185071N하남시 라이징스타즈 청소년 마을공동체 어린이 인성예절 캠프... 2022-08-17하남시 라이징스타즈 청소년마을공동체 어린이 인성예절 캠프진행 하남시 라이징스타즈 청소년마을공동체 어린이 인성예절 캠프진행 2022년도 8월 27일 하남시 장애인복지관 강당에서 여름을 마감하는 어린이... 하남시 심윤석기자 (하남시사랑모임)https://blog.naver.com/msc1964/222850646975",,,,,,,,,,,,,
-,sw사관학교 정글,60,90,150,134,0.893,- (-),"N[SW사관학교 정글] 4기 지원 후기2022-03-26sw사관학교 정글 웹 개발 국비를 듣는 와중 우연찮게 정글 프로그램을 발견하게 되었다. 국비 시작 전 ssafy와 우아한테크코스에 지원했다가 떨어진 경험이 있는데 한 번 더 도전해 보자는 생각으로 지원하게... young님의 블로그https://blog.naver.com/youngji804/222683490741N정글 SW사관학교 6기 합격 후기2023-02-06#정글SW사관학교 요즘 블로그에 글을 안올렸다. 취준을 준비하는데 분야에 따라 이렇게 연봉차이가 심한지 정말 체감하는 기간이었다. 이전에는 반도체 관련 업계라 출장은 많아도 연봉은 쏠쏠했는데..대학원과... Dinggoohttps://blog.naver.com/wlsry6847/223006726940NKAIST에서 운영되는 'SW사관학교 정글' 모델을 벤치마킹!! SW... 2022-08-08크래프톤 정글 과학기술분야 국내 최정상급 수준의 KAIST에서 운영되는 'SW사관학교 정글' 모델을... ly/3Pr6eXb “이 포스팅은 소정의 원고료를 받아 작성된 글입니다.” #개발자 #크래프톤정글 #IT #SW... 스펙을 뛰어넘는 자소서https://blog.naver.com/darddong/222840735896N[SW사관학교 정글] 4기 신청2022-01-18전산학 사전 지식이 없는 졸업생/직장인들을 대상으로 한다지만 나는 sw사관학교 정글(이하 정글)의 커리큘럼에 큰 매력을 느꼈다. 커리큘럼은 아래와 같다. 그리고 주 6일에 아침 10시부터 저녁10시까지 빡빡한... 부개지의 일기https://blog.naver.com/kkr431/222624490100N♥SW사관학교 정글♥2022-09-28SW사관학교 정글은 전산학 사전지식이 없는 졸업생/직장인들을 대상으로, 5개월 간의 몰입 과정을...  - 김OO (정글 3기) ""비록 저는 문과 출신이지만"," SW정글 생활에 전혀 걸림돌이 되지 않았습니다. 중요한 건... 설레임https://blog.naver.com/kkkk9946/222886140506NSW 사관학교 정글 4기 모집 (~ 01.21 마감)2022-01-12SW사관학교 정글 (swjungle.net) SW 사관학고 JUNGLE ""SW 엔지니어 / 전산 / 개발자 5개월 합숙 코스"" KAIST... 모집 받는다고 합니다.^^ 졸업예정자의 경우"," ""정글 기간 동안 풀타임 합숙이 가능한", 남은 수업이 없는... HOMEhttps://blog.naver.com/kghhjh1215/222619993671N[최종면접] SW 정글사관학교 후기2021-03-15SW 정글을 마주치다 올해 9월 21일부터스파르탄코딩클럽 웹 종합반 10기를 수강하면서 우연치않게 SW정글사관학교 과정을 보았다. 5개월동안 카이스트(대전)에 합숙하며 전산학 기초과목(자료구조, 알고리즘... YW_Techhttps://blog.naver.com/ywtechit/222276623571NSW정글 사관학교 각오2022-09-22지원동기 그 동안 독학을 하면서 성장의 한계를 맛보고 정글 사관학교에 지원하였다. 정말 다행스럽게도 붙게되어 정말 좋은 동기들과 공부 할 수 있는 기회를 얻었다. 이번 과정에서 얻고자 하는 것은... Computer Guyhttps://blog.naver.com/health2297/222881791415NSW사관학교 정글, 4기 교육생 모집(~2020.1.21.)2022-01-13과제와 도전의 연속인 교육 과정은, 험난한 정글 같습니다. 하지만 SW사관학교 정글을 수료한다면, 이전과는 다른 미래를 그리는," 어디서든 탐내는 인재로 거듭난 자신을 마주할 것입니다. 정글에서... 엘리쌤과 인공지능https://blog.naver.com/aimento/222621093772NSW사관학교 정글 5기 (부트캠프 일종)2022-07-28앞으로 개발자 취업에 도움될만한 정보들을 가져오려고 합니다 이미 아시는 분이 많겠지만 크래프톤 카이스트에서도 부트캠프의 일종인 ""정글"" 이라는 코딩 캠프를 만들었고 지금 모집 중에 있습니다 총 60명을... Life is festivalhttps://blog.naver.com/ycice/222833196053""",,,,,
-,위코드,600,840,"1,440","2,109",1.465,낮음 (1),"N디자이너에서 개발자로 확장! :: 위코드 수강생 이야기2022-05-06안녕하세요, 국내 최고 오프라인 코딩 부트캠프, >위코드 입니다. 혹시 개발자를 꿈 꾸시나요? 이미 위코드에는 정말 다양한 배경과 커리어, 이야기를 갖고 사람들이 모여있어요. 어쩌면 학창시절보다 더... 오프라인 코딩 부트캠프 >wecodehttps://blog.naver.com/wecode/222722739749N위코드 2달 회고2022-10-16위코드에서의 2달이 끝나고 기업 협업을 앞두고 있다. 검색 지향 프로그래밍 개발 공부를 하다 보니... 블로그 쓰기 위코드 기간 중 공부하는 습관을 만들어 가라는 이야기를 많이 들었다. 여러 방법이 있겠지만... 라용디자인https://blog.naver.com/skdyds/222901585146N나는 위코드 부트캠프 선배다 - 1편 [1년 뒤 다시 정리해보는... 2022-09-04저의 소개 : 위코드 부트캠프를 졸업한지 1년 3개월이 되었습니다. 현재 교육플랫폼에서 풀스택으로 근무하고 있습니다. 궁금하신 부분 있으시면, [카카오톡 오픈채팅방] 위코드 부트캠프 선배 후크, 참여코드... 개발자 후크https://blog.naver.com/atalll/222866396476N위코드 개발자 원데이 클래스를 다녀오다. (기대했던 점과... 2022-12-16최근 개발자로 커리어전환을 알아보던 중 부트캠프 위코드를 알게 됐다. 위코드란? 약 36개월 동안 매일 8시간 이상의 오프라인 학습&세션을 통해 비전공자도 개발자로 거듭날 수 있는 국내 코딩 부트캠프! 근데... 흰니의 고민보단 GOhttps://blog.naver.com/no3b_h/222957949506N부산동구 위코드스터디카페 본점2021-12-28이번 포스팅은 부산 동구에 위치한 위코드스터디카페 본점 이용후기 입니다. 내돈내산 후기이니 믿고 보셔도 됩니다! 부산진역 1번 출구로 나오셔서 바로 보이는 법성철학작명원 골목으로 조금만 들어오시면... Mikrokosmoshttps://blog.naver.com/dd-oo-yah/222607031185N그레이스풀레인(위코드)2022-04-06[위코드] 퍼포먼스 마케터 과제 안내 - 홍보 전략 분석 주제 : 코딩교육(특히 코딩부트캠프) 경쟁사의 홍보 전략을 분석하고, 이를 바탕으로 위코드에 차별화를 줄 수 있는 홍보를 위한 전략을 수립해주세요. 1.... https://blog.naver.com/rudnswndud/222693267232N센텀시티 깔끔한 스터디 카페 위코드 커피가 무한 리필이라니?2021-07-29이전에 근무하던 건물 3층에 위치한 위코드 스터디 카페 센텀점 입구에는 키오스크로 회원가입을 하고... 위코드 스터디 카페는 스터디룸 2개, 컨퍼런스룸 2개 총 4개의 룸 그리고 휴게공간이 존재하였습니다.... 호랭스의 영상 크리에이터의 기록장https://blog.naver.com/sangmin0630/222449730488N부산 센텀시티 공부하기 좋은 스터디 카페 : 위코드2021-08-11306호 위코드스터디카페 센텀시티점 ☎? ***-****-**** 영업시간: 24시 에이스하이테크 건물 3층에 위치한 위코드 센텀시티점! 2호점으롤 오픈한지 그렇게 오래되지않아서 그런지 외관부터 깔끔함이... OKIM BLOG???https://blog.naver.com/okim_/222466171831N수정동 위코드스터디카페2021-08-14#수정동스터디카페 #부산진역스터디카페 #위코드본점 #위코드스터디카페 스터디 카페가 여기저기 많이 생기고있다!! 이날은 볼일이있어 동구가 가게되어 근처 스터디카페를 검색 은근히 많았는데 역이랑... >> 12121 storage >>https://blog.naver.com/cpfl6911/222469789967N[2021 She Did it 캠페인 #34]  김예리 위코드 Co-Founder... 2021-06-23공동창업한 ‘위코드’를 통해 유능한 개발자를 양성하고 있다. 자신이 그랬듯 이들이 행복한... 비전공자로서 개발자의 삶을 살아가고 있는 자신의 삶이 그 반증이며, 공동창업한 위코드에서 배출해낸 500여... 한국여성과학기술인육성재단https://blog.naver.com/wisetter/222407171448",,,,,,,,,,,,,
-,메가스터디 IT,360,380,740,"9,486",12.819,- (-),"N메가스터디IT아카데미 자바부터 앱개발학원 비교 수강후기2023-02-08제가 다녔던 메가스터디IT아카데미 학원을 직접 촬영! 매일 디자인보드 관련 된 호스트만 들락날락하고... 경험해봤던 메가스터디 이지만 솔직히 IT아카데미는 생소했는데 역시는 역시인가 하기도 했었다 ㅎㅎ... ????????I?? ??I???https://blog.naver.com/chuuchuu88/223009022379N메가스터디설명회 신청하기 IT 입시 고입, 대입 컨설팅 받기2023-02-16메가스터디 IT 입시센터에서는 단순히 어린이 코딩 교육을 하는 것이 아닌 학생 현재 내신성적 그리고... 컴퓨터학원들이 많아지면서 어린이 교육에도 눈을 돌리고 있지만 메가스터디설명회도 하면서 IT 입시를... 교육상담 AND 컨설팅https://blog.naver.com/teambloky12/223017468730N메가스터디IT아카데미 웹퍼블리셔 프론트엔드 다른 점2023-02-08네이버 카카오 쿠팡 배민 등 요즘 IT를 사용하지 않는 분들은 없죠! 그러다보니 많은 분들이 IT기업으로... 메가스터디IT아카데미 수원에서 확실하게 알려드릴게요! <개발 직군에 대하여> 정말 기본적인 영역에서... 5분전https://blog.naver.com/lok94632/223009177381N메가스터디IT아카데미 프론트엔드와 백엔드는 뭐가 다를까?2023-02-08같아 메가스터디IT아카데미에서 새로운 미래를 준비해보기로 했습니다. 공대 출신은 맞지만 IT와는 전혀 연관 없는 과였기 때문에 내가 배울 수 있을까 하는 걱정이 일단 굉장히 많았었어요. 코딩 계통의... 알트 에프포https://blog.naver.com/myiosus19/223009306155N[메가스터디IT아카데미] 조카와 진로상담2023-02-09메가스터디IT아카데미의 개발자 과정은 크게 3개의 과정이 있다고 했어요. 프론트엔드, 백엔드, 앱개발... 혹시라도 IT쪽으로 공부하고 싶으신분들 위해 링크 남겨드리겠습니다. 상담하면 열정적으로... 콩두유는 뭐 하고 사니?https://blog.naver.com/8825kk/223010329953N메가스터디IT아카데미 안드로이드 부트캠프 준비하기2023-02-09아무래도 기계쪽 보다는 좀더 연봉이 높은 쪽으로 알아보다보니 메가스터디IT아카데미를 찾게 된거 같아요 처음에는 IT쪽에 어떤 분야가 잘맞고 비전이 있을지 몰라서 고민 많이 했습니다. 인터넷에 검색을... 척척박사의 Think tank:)https://blog.naver.com/jbshaha/223010381529N메가스터디IT아카데미 강남 Java 기초 수업 내돈내산 후기... 2022-12-22남은게 메가스터디IT아카데미였다. 여기는 후기 자체가 없어서 좀 고민됐지만 악플보단 무플이 나으니 결국 메가스터디로 픽? 근데 왜 무플인지 포스팅 1회 후 알 수 있었다. (궁금하신 분들은 비댓으로 문의... the best Life Travel everhttps://blog.naver.com/damdamss/222962483062N학원은 역시 메가스터디! IT아카데미 코딩수업 등록!2022-12-30(대치동 학원 다닐 때부터 메가스터디는 믿고 듣는 교육 브랜드) 그나저나 메가스터디 IT 아카데미 맞은 편에 뷰티 아카데미도 있던데 분야를 막론하고 진출하는 메가스터디 정말 대다나다,,, 코딩은 2학년... 보노보노의 캠퍼스일기https://blog.naver.com/pkw0115/222969731367N메가스터디it아카데미 자바,java 교육후기(신촌코딩학원... 2023-02-08ㅎ.ㅎ 오늘은 제가 메가스터디it아카데미에서 요즘 대세인!! 자바언어에 대해 배운 후기를 가져왔어요!... 설레기도 하고 그렇다. 다음에 2탄으로 돌아와 보겠다. 메가스터디it학원 홈페이지가기양갱이의 진로와 취업이야기https://blog.naver.com/space_32/223009572803N직장인코딩학원, 메가스터디IT 코딩학원에서 시작하자 (강남... 2021-11-01백문이 불여일견, 다른 직장인코딩학원을 찾다 메가스터디IT 에서 수강하신 분들의 리얼 수강후기를 읽어보니 감동스토리가 따로 없더라구요..!! 역시 명불허전! IT도 메가스터디가 하면 정말 다른가보다... 47초전https://blog.naver.com/binicheri/222555154036",,,,,,,,,,,,,
-,포스코,"72,600","234,500","307,100","908,416",2.958,중간 (2),"N1월 31일의 기업분석 Letter - 포스코케미칼(003670)2023-01-31포스코케미칼은 국내 유일의 음극재와 양극재를 동시 생산 및 납품하는 2차전지 소재 기업입니다.... 모회사 포스코홀딩스를 통해 니켈, 리튬, 흑연 등 이차전지 핵심 광물을 조달받을 계획으로 IRA 핵심... James Lee Advisorshttps://blog.naver.com/james_lee_advisors/223000580060N일제 강제징용  40억 배상하는 포스코!2023-03-16포스코는 왜 40억을 배상하나? 전범기업인가! 한국과 일본 양국간 무역분쟁 중인 가운데 우리나라 기업인 포스코가 일본제철(옛 신일철주금)으로 오늘자 뉴스에서 약 40억원 규모의 손해배상을 하기로... 좋은생각! 좋은글 ,사진,등산https://blog.naver.com/thkking/223046179220N선릉역 카페 테라로사 포스코센터 분위기있고 웅장한 북카페2023-02-04테라로사 포스코센터점이 있다는 좌표를 따라 혼밥 먹으러 갔는데... 의외로 분위기 좋아서 더 머물며 책보고 싶었어요. 선릉역과 삼성역 사이 포스코센터 빌딩 1층입니다. 입구에서부터 헷갈리네요. 여기가... 에나의 런치박스https://blog.naver.com/mjda20/223004769029N크로바하이텍 주가 포스코ICT 무선충전기술 관련주 분석2023-03-16크로바하이텍에 이어 두 번째 무선충전기술 관련주로 포스코ICT 주가도 함께 분석해 보도록 할게요 포스코ICT 역시 대표적인 무선충전기술 관련주로 분류되는 종목으로 금일 소폭 상승 움직임을 나타내면서... C O N G L O Ghttps://blog.naver.com/gogodacong/223046287592N2차전지 양극재 기업 에코프로비엠, 포스코케미칼, 엘앤에프2023-03-10에코프로비엠 #포스코케미칼 #엘앤에프 2차전지 완성품 업체 뿐 아니라 2차전지 소재기업의 상승세가 무섭다 특히 에코프로비엠의 주가가 급격히 상승하고 있고 포스코케미칼, 엘앤에프의 상승세도 만만치... 예강파파의 일상https://blog.naver.com/superbkwon/223040397363N첨단 포스코 더센텀하이테크 지식산업센터 공급2023-03-04첨단 포스코 더센텀하이테크 지식산업센터 공급 최근 금리인상이 가져오는 파급력이 상당한데요.... 지식산업센터 이며, 그 주인공은 바로 첨단 포스코 더센텀하이테크 입니다. 당 프로젝트는 광주광역시... 부자 집구경https://blog.naver.com/lg1001/223034334149N포스코홀딩스 주가 전망 및 배당금 지급일2023-02-21포스코홀딩스 주가 전망 및 배당금 지급일 철강 관련주가 최근 좋은 흐름을 보이고 있습니다. 포스코홀딩스도 5거래일 동안 10% 정도 상승했는데요. 전고점 돌파하며 52주 신고가를 기록하고 있습니다. 다른... 쫀득쫀득 찰지게!https://blog.naver.com/syoko82/223021891029N2차전지 관련주 대장주 - 포스코케미칼 엘지에너지솔루션 SK온... 2023-03-102차전지 관련주 대장주 - 포스코케미칼 엘지에너지솔루션 SK온 주가 주식 전망 에코프로비엠의 주가가... 코스모신소재, 엘앤에프, 포스코케미칼 역시 꾸준히 매출이 증가하고 있고, 이에 따라 주가도... 블루래더 - 경제적 자유를 향한 푸른 사다리https://blog.naver.com/resumet/223040261890N강남 아이랑 테라로사 포스코센터, 노트북하기 좋은 카페2023-02-17강남 아이랑 테라로사 포스코센터, 노트북하기 좋은 카페 안녕하세요 워킹맘 고니에요 강남 아이랑 한... 강남에 있는 포스코센터에 가시면 한큐에 아이랑 일정 해결 가능입니다. 심지어 주차도 해결 가능입니다.... 고니생활https://blog.naver.com/gonirao/223019510719N포스코홀딩스,고려아연,삼성전자 주주총회와 주식배당금 소식2023-03-16오늘 우리가 알아볼 내용은 포스코홀딩스,고려아연,삼성전자 주주총회,주식배당금에 대한... 17일에는 기아와 포스코홀딩스 주주총회를 시작으로 고려아연과 아모레퍼시피, BNK금융지주 등에서 총회를... 생활의지혜https://blog.naver.com/79gytn/223045248741",,,,,,,,,,,,,
-,아이펠,220,280,500,"2,106",4.212,중간 (2),"N독일 아이펠 국립공원 산행 / Eifel National Park2022-09-08Eifel National Park 독일과 벨기에에 걸친 넓은 아이펠 국립공원 동료가 소개해준 늠늠 아름답다는 아이펠 국립공원에 다녀왔다. 가는길 쉰나쉰나 날씨가 너무 좋았다. 예년과 다르게 건조하고 덥다. 9월이면 우기... 아름다운 이름으로 기억되기를https://blog.naver.com/ccoccoma701/222869767658N인공지능 혁신학교 AIFFEL(아이펠) 교육생 모집2022-09-28오늘은 인공지능에 대해 배울 수 있는 인공지능 혁신학교 [아이펠]의 교육생 모집에 대해 알아볼게요. 인공지능 혁신학교 아이펠이란? 아이펠은 'AI 교육 대중화'를 위해 '모두의연구소'가 설립한 AI... 서경대학교 공식블로그https://blog.naver.com/skunivblog/222886532083N어반81｜선정릉역 디저트 카페 추천 [아이펠바움]2022-12-070 그리고 디저트로 아이펠바움 6.0 이렇게 주문완료 그리고 디저트 맛집답게 정말 다양한 디저트들이... 5 아이펠 바움 6.0 (우리가 주문했던 디저트★) 생크림 카스테라 5.5 바움쿠헨 양갱 5.0 바움쿠헨 슈크림... ordinary’https://blog.naver.com/ordinary357/222947859776N[어반81] 캠핑감성 듬뿍 따끈한 뱅쇼 아이펠바움 삼성중앙역... 2022-12-23핫도그 잉글리쉬머핀 브리또 허니버터브레드 연유브레드 바움쿠헨 크레이프케이크 아이펠바움... 그리고 또 다른 디저트 아이펠바움!! 벵쇼에 아이펠바움 너무 잘 어울리죠?? 겹겹이 쌓인 빵에 꾸덕뚜덕한... myelin presenthttps://blog.naver.com/elinpresent/222963452885N인공지능 교육 학교 아이펠, AI 부트캠프와의 차이점2023-02-07인재들을 아이펠 캠퍼스에서 만날 수 있습니다. 100년 전 교실과 똑같은 모습의 오늘날의 교실 기업이 원하는 실무형 고급 인재를 양성하는 아이펠 캠퍼스 강의 듣고 독서실에서 공부하는 자기고립학습으로... arshttps://blog.naver.com/wedjat0/223008400858N삼성중앙역 카페 어반81 초코크림라떼, 아인슈페너, 아이펠바움2022-06-04좋다는 아이펠바움은 잘 못 본 디저트라 ㅎㅎ바움쿠헨과는 또 다른 맛이니 주문주문! 아이펠의 뜻이 고원이던데 (에펠타워 스펠링도 같음) 모양을 본 딴 건가 싶고 ㅎㅎ 파베 초콜릿도 판매중이셔서 좋았다... 당신이 왜 날 사랑하지 않겠어https://blog.naver.com/yunji0203/222759015924N모두의연구소 아이펠(AIFFEL) 내일배움클래스 '캐글러로 가는... 2022-08-17안녕하세요, 지난 편에 이어 '모두의연구소 아이펠(AIFFEL) 내일배움클래스' 두번째 수강 후기로... 드립니다 :) ?아이펠 내일배움클래스, 장점과 바라는 점 이번 강의에서 수강했던 회차중에 가장 기억에... Eunjin Archivehttps://blog.naver.com/eunvely227/222850370806N[대외활동] 실습형 AI교육 아이펠2022-05-24실습형 AI교육 아이펠"" 딥러닝에 관심이 있는 대학교 3학년 ~ 만 34세 이하 청년이라면 누구나... https://thinkyou.co.kr/ #씽유 #공모전 #대외활동 #고용노동부 #AI #모두의연구소 #아이펠 #AIFFEL #딥러닝 #취업... 씽유(thinkyou)https://blog.naver.com/thinku1125/222744680969N삼성중앙역 카페 독일 디저트 아이펠바움을 맛볼 수 있는 어반812023-03-13그중에서도 아이펠바움이라는 독일 디저트가 눈에 띄어서 주문 해 봤어요. 시그니처음료로는... 주문하고 예쁜 카페사진 담고 있었더니 어느새 내어주신 크림라떼와 한라봉에이드"," 아이펠바움! 상콤함 폭발하는... danalog : 모든요일의 기록https://blog.naver.com/danakim1222/223042714028N모두의연구소ㅣ아이펠(AIFFEL)_누가 만들었는지 확인하세요.... 2023-02-03아이펠은 AI전문 커뮤니티인 저희 모두의연구소 연구원들이 1년 이상 함께 개발한 학교입니다. 6개월이 끝나면 취업하고 잊혀지는 지식이 아니라 실습을 통해 내 것으로 체득하는 교육! 그럼 아이펠에서... 반갑습니다! 모두의연구소 대전캠퍼스입니다.https://blog.naver.com/modulabs_/223004182169""",,,,,,,,,,,,
-,영카데미,10,10,20,"3,417,389",170869.45,낮음 (0),"N강서구 골프레슨 237골프아카데미에서 시작하자!2023-02-28강서구 골프레슨 237골프아카데미에서 시작하자! 반갑습니다 요즘 스포츠에 푹 빠져 지내고 있는데요... 237골프아카데미에가서 상담받고 골프레슨 진행하였습니다  강서구 골프레슨 - 237골프아카데미... 콘도왕 김근하부장https://blog.naver.com/cmj8094/223030615258N송파 가락동 골프연습장 GDR골프아카데미 송파가락점... 2023-03-14GDR아카데미 송파가락점 안녕하세요. 열혈골퍼 여러분! 골프 시즌을 앞두고 몸이 근질근질한 것이 참을 수 없더라고요. 그래서 가락동에 골프연습장 GDR아카데미 송파가락점을 다녀왔어요. 연습도 연습이지만... ""스윙말고골프를치자""https://blog.naver.com/tel0/223044523981N진해골프레슨 혼골 피팅 모두 가능한 JC골프아카데미2023-03-07진해 골프레슨", 스크린골프, 클럽수리, 클럽피팅 가능한 JC골프아카데미 안녕하세요^^ 제가 요즘... 제가 등록한곳은 진해 장천에 있는 JC골프아카데미 인데요. 진해골프레슨 하는곳은 많았지만 시설,주차장... 세상을 품는 따뜻한 이야기https://blog.naver.com/baumehae/223037932850N게임아카데미 3D 실무 공부과정2023-03-03게임아카데미에 등록해서 미래를 차근차근 준비하더라고요. 게임아카데미를 다녀 진로를 잡는다니 낯설었지만, 친구 따라 강남 간다고 저는 동기가 학원에 갈 때 같이 따라가봤답니다! 가보니 완전... Architect & Humanity 건축 인문https://blog.naver.com/shek99/223033710960N송파 골프레슨," 피케이골프아카데미에서 시작했어요!2023-03-17외진 곳이 아닌 아주 접근성이 좋은 곳에 송파 골프레슨으로 유명한 피케이골프아카데미가 있어서 바로 상담을 예약해 두었어요. 피케이골프아카데미는 석촌역 지하철과 통로가 연결되어 있어서 지하철에서... 순둥이일기장https://blog.naver.com/joonki3/223047642507N은평구골프 M2골프 GDR 아카데미 구파발에서 골프레슨... 2023-03-13GDR 아카데미 구파발점에서 레슨도 받고 연습도 하게되었거든요^^ 자세한후기 시작해볼게요 0507-1382-2249 서울특별시 은평구 통일로 1080 솔하임 상가 B1 24:00 영업종료 M2 골프 GDR 아카데미는 수도권 최대규모 GDR... 골프 러버 눈꽃 Life ♥https://blog.naver.com/yshrose0220/223043212107N인천골프연습장 친구도 좋아한 파라다이스골프존아카데미... 2023-03-17그런데 이번에 이 주변으로 이사를 왔길래 제가 전부터 다니던 파라다이스골프존아카데미에 초대하여... 파라다이스골프존아카데미에 타석은 모두 GDR 플러스가 설치되어 레슨받거나 혼자 하는 경우 상관없이... 림냥의 일상생활♥https://blog.naver.com/hyerimelove/223047607389N최상위권 글로벌 입시 폴아카데미 | 2023학년도 후기... 2023-03-17최상위권 글로벌 입시의 플랫폼 폴 아카데미입니다. 현재 많은 대학에서 12년 특례 후기 입시 지원이... 12특 전문 설명회 https://www.youtube.com/watch?v=WGjXa4Z2vU8 12년 특례 입시를 준비할 때는 폴아카데미... PaulAcademyhttps://blog.naver.com/paulacademy/223047459711N반영구아카데미 창업 누구나 가능할까!2023-03-15안녕하세요 라쥬아카데미 대표 환쌤입니다. 환절기가 다가오면서 다들 감기 유행이던데 조심하시구요! 이제 새학기 시즌이 돌아오면서 최근에는 30대 이상 경력이 단절된 애기엄마분들이 반영구아카데미를 통해... Dani's daily lifehttps://blog.naver.com/danischoice/223045156088N스크린 골프 아카데미 더스윙블랙 수원영통점 인테리어 시작!2023-03-17브랜드 자체가 프리미엄 골프아카데미 이기에 안그래도 타석수가 적게 들어가는데 평수도 타매장 대비... #프리미엄골프아카데미 #더스윙블랙 #더스윙블랙수원영통점 #스크린골프장오픈 #골프아카데미인테리어... N잡러 라이언https://blog.naver.com/lollipops79/223047093346""",,,,,,,
-,중앙정보기술인재개발원,90,60,150,"76,959",513.06,중간 (1),"N역삼 마포 강남 신촌 중앙정보기술인재개발원 원픽 :)2022-04-29강남중앙정보기술인재개발원 신촌중앙접오기술인재개발원 혹시 국비과정을 나처럼 찾는 취준생... 멀티캠퍼스, 중앙정보기술인재개발원, 중앙정보처리학원, 솔데스크 합격했다 (얼마전 멋쟁이 사자처럼... 곰곰이의 일상https://blog.naver.com/thswlq098/222715576094N중앙정보기술인재개발원 코딩 일기 챌린지(2022년 3월 19일)2022-03-19중앙정보처리학원/중앙정보기술인재개발원의 코딩 일기 챌린지를 참여하기 위하여 작성한 글입니다. www.choongang.co.kr #중앙정보처리학원 #중앙정보기술인재개발원 #코딩일기... End of a dayhttps://blog.naver.com/amy1728/222677042677N빅데이터학원 인공지능교육 중앙정보기술인재개발원 파이썬2022-06-17중앙정보처리학원, 중앙정보기술인재개발원에서 상담을 곧 진행 할 예정이다. 사실 근처 몇 군데 학원도 알아보긴 했는데 취업률, 수강평, 강사진, 커리큘럼 등을 검색해봤을 때 여기가 가장 맘에 든다 근데... 우나킹https://blog.naver.com/woonaking/222777206777N중앙정보기술인재개발원 코딩 일기 챌린지(22/03/15)2022-03-152) scott 계정이 가지고 있는 객체 정보 select table_name from user_tables; 중앙정보처리학원/중앙정보기술인재개발원의 코딩 일기 챌린지를 참여하기 위하여 작성한 글입니다. www.choongang.co.kr비전공자 개발자로 거듭나기https://blog.naver.com/meanjeong92/222673732249N중앙정보기술인재개발원 코딩 일기 챌린지(2022년 3월 15일)2022-03-15public class Hello{ public static void main(String [] args ) { System.out.println(Hello""); } } ""중앙정보처리학원/중앙정보기술인재개발원의 코딩 일기 챌린지를 참여하기 위하여 작성한 글입니다. www.choongang.co.kr""여행가고싶다https://blog.naver.com/kk8057/222673550483N네카라쿠배당토~ 취업 도전은 중앙정보기술인재개발원과 함께2022-05-28많은 정보를 확인해 볼 수 있습니다. 이 중에서 취업훈련 과정중에서 K-디지털핵심인재양성 과정을... 보여주는 '중앙정보기술인재개발원'을 적극 추천드립니다. ※ 취업율 1기 2021년 06월 수료 81.0... 일상 생각 / 빅데이터 / 인공지능 / IT취업고민https://blog.naver.com/gomdol-i/222749940716N중앙정보기술인재개발원 코딩 일기 챌린지(2022년3월14일)2022-03-14#중앙정보처리학원", #중앙정보기술인재개발원, #코딩일기 Oracle Database Backup 및 Restore 1.directory 생성 create or replace directory mdBackup2 as 'c:\orabackup'; 2.... engin88님의 블로그https://blog.naver.com/engin88/222672735120N중앙정보기술인재개발원 코딩 일기 챌린지(2022년 03월 16일)2022-03-16sample([1,2,3,4], k = 3) # 중복이 안되는 비복원 추출 중앙정보처리학원/중앙정보기술인재개발원의 코딩 일기 챌린지를 참여하기 위해 작성된 글입니다. www.choongang.co.kr... isl1님의 블로그https://blog.naver.com/isl1/222674694570N중앙정보기술인재개발원 코딩 일기 챌린지(2022년 03월 14일... 2022-03-14중앙정보처리학원/중앙정보기술인재개발원의 코딩 일기 챌린지를 참여하기 위해 작성한 글입니다. www.choongang.co.kr #코딩일기," #중앙정보처리학원0환상0블로그https://blog.naver.com/inkim5397/222672514680N중앙정보기술인재개발원 코딩 일기 챌린지(2022년 3월 16일)2022-03-16out.println(strVar1.equlas( strVar3)); // 이걸로 해야지 문자열 비교 중앙정보처리학원/중앙정보기술인재개발원의 코딩 일기챌린지를 참여하기 위하여 작성한 글입니다. www.choongang.co.kr들어와봐https://blog.naver.com/8340180/222674503177""",,,,,,
-,Genia Academy,10,10,20,13,0.65,낮음 (0),"N예브게니아 오브라초바의 백조의 호수 데뷔2011-03-18But she changed her mind and was admitted to the Vaganova Ballet Academy, where she studied... She took the young Genia, as she is called, under her experienced wing and started preparing her... 향기로운 꽃내음https://blog.naver.com/flywithanne/110105046450NA Deportation Nightmare in the Bronx from the New Yorker2021-03-01Preparatory Academy, in the Bronx. He always had a head for math, Dariela told me, and... He’s every bit as American as I am.” On Thursday, I spoke with Genia Blaser, an attorney at... Little Giant who gives you the business acumenhttps://blog.naver.com/7littlegiant/222260463033N오페라낙서164.Mendelssohn.극 음악<한여름밤의 꿈>1.... 2021-07-25Genia K?hmeier & ms. Bernarda Fink, pf. Christoph Berner [6:15] 5. Nicola Porpora / 오페라 <Arianna e... David Daniels, Christopher Hogwood 지휘, Academy of Ancient Music [10:23] 3. Mozart / 어떻게... imagekim님의 블로그https://blog.naver.com/differance-dolly/222444689018N모세 샤프디 건축가  (1937-  ) 캐나다 유대인 싱가포르 공항... 2021-07-25Tel Aviv: Genia Schreiber University Art Gallery, Tel Aviv University, 1998. Kohn, Wendy, ed. Moshe Safdie. London: Academy Editions, 1996. Moshe Safdie: Buildings and Projects, 1967... 뉴퍼블:뉴스가 퍼지는 블로그https://blog.naver.com/esuccess/222444894128N호아저씨가 들은 음악 - 2015년 9월 27일2015-09-27말러: 교향곡 2번 ‘부활’ 게니아 퀴마이어 (Genia K?hmeier) 소프라노, 나탈리... Festival Academy Orchestra), 파블로 헤라스-카사도 (Pablo Heras-Casado) www.youtube.com/watch?v=bjHp0NsY5pI 17.... 호아저씨https://blog.naver.com/1917srd/220493154882N모든 한국판 레 미제라블 시민들에게 질서있는 평강이 당도하길... 2021-05-31(Sop) Genia K?hmeier (Ten) Werner G?ra (Bar) Christian Gerhaher , Nikolaus Harnoncourt (지휘)... Mozart / Menuetto // Academy of St. Martin-in-the Fields Chamber Ensemble [4:30] 5. (유미경님)... imagekim님의 블로그https://blog.naver.com/differance-dolly/222377682583N오페라낙서170.Cherubini.opera ‘Medee’- Ah! Nos Peins... 2021-07-19of Academy of Ancient Music, 웨스트민스터 성당 소년합창단 [7:23] 9. Gershwin / Someone to... Genia K?hmeir, Mariss Jansons 지휘, 로열 콘세르트헤바우 오케스트라, 네덜란드... imagekim님의 블로그https://blog.naver.com/differance-dolly/222437247893N올림픽이야기7.2021-07-27Genia Kuehmeier, ten. Werner Guera, bar. Christian Gerhaher, Nikolaus Harnoncourt 지휘, Concentus... Choir/ Academy of Ancient Music 04:31 한 장면 6. Grieg Peer Gynt Suite No. 1, op. 46 1)... imagekim님의 블로그https://blog.naver.com/differance-dolly/222447443556N연구실적 목록2006-03-04Universal Academy Press, 2000 · Progress on Human-Computer Interaction in the GENIA Project on the Internet, Nigel Collier, Hyun Seok Park, and Junichi Tsujii, Natural Language Processing... 컴퓨터 언어, 인간의 언어, 신의 언어https://blog.naver.com/biinjava/40022480404ESephora1990-01-01“Eu’Genia Shea (@EuGenia_Shea) makes high-quality shea-based products with at least 95... Care Academy. “One Love Organics (@OneLoveOrganics) creates certified organic and... Sephorahttp://sephora.tumblr.com/post/144960417269/1885-p-at-sephora-changing-the-lives-of-women-one-lips",,,,,,,,,,,,,
-,KT 에이블스쿨,670,"1,190","1,860",925,0.497,낮음 (1),"N[KT AIVLE] 에이블 스쿨 AI 트랙 합격 후기2023-03-16생각되어 KT 에이블 스쿨 기자단에 지원했다! 교육 시작한 지는 벌써 한 달 반 정도가 지났다. 많이 늦은... - - - 대학교를 다니던 와중에 열심히 학과 홈페이지를 들락날락하며 공지를 보던 중 에이블 스쿨 공지를... 끄적이는 공간https://blog.naver.com/yummy0307/223046240555NKT에이블스쿨 3기 모집 마감날 다급하게 쓰는,, 나름의 Q&A2022-12-05[9] 에이블스쿨 측에서 홍보와 동일하게 실제로도 KT계열사 취업을 많이 권장하는 분위기인지 궁금합니다. 빅프로젝트가 끝나고 1월초중반쯤 잡페어 등이 이뤄져서 그때 가봐야 더 자세히 알 수 있겠지만... 블로그https://blog.naver.com/johj1215/222946975443N[KT AIVLE] 합격 후기 영상 촬영 및 에이블스쿨 3기... 2023-02-28출처: kt aivle KT 에이블스쿨 합격 소감 및 포부 영상 촬영 오프닝데이 시작 전, 조금은 떨리는 한... 사실 AIVLE SCHOOL이 시작되기 몇 주 전, 에이블스쿨 사무국으로부터 연락이 왔었는데 KT 에이블스쿨 3기... Hyeon의 블로그https://blog.naver.com/tjgus6827/223029946513N[KT AIVLE] KT 에이블스쿨 3기 수도권 DX트랙_ 최종합격... 2022-12-27그 와중에 DX 컨설턴트 트랙을 가진 에이블스쿨을 알게 되었다. 학교에서 KT 기획 직무에 종사중인 선배 멘토링을 했는데, 내가 가진 고민들을 이야기하니 적극추천해주셨다. 그리고 또 다른 지원계기는... 음이 있는 모든 것을 좋아합니다https://blog.naver.com/kgh5654/222966953752N[KT AIVLE] KT에이블스쿨 IT 분야 면접 컨설팅2023-01-17[에이블스쿨_홈페이지 사진] kt에이블스쿨 홈페이지에 접속하면 위와 같은 화면이 나온다. [에이블스쿨_홈페이지 사진] ai개발자와 DX컨설턴트 분야로 나뉘어 있다. 면접에서 만난 학생들은 ai개발분야로... 취업 자소서 & 면접코칭 전문https://blog.naver.com/chiefer/222987350800N[KT 에이블스쿨 3기] 에이블러의 열흘 치 후기2023-02-10내려서 KT 본사까지 걸어감 ㅋㅋㅋㅋ 열심히 할 테니 저를 데려가 주세요... ㅠ... 미니/빅 프로젝트 때 대여 가능하다는 교육장!! 노트북을 수령하면, 안내서에 따라 잘 작동되는지 확인한 후에 에이블스쿨... 누워있음https://blog.naver.com/jolguitaeng/223011021641NKT 에이블 스쿨 DX 트랙 합격 후기2023-02-28KT AIVLE(에이블 스쿨) 전형은 아래와 같이 진행된다. 지원 접수 ▶ 서류전형 ▶ 인적성검사 ▶ 코딩 테스트(AI 트랙만) ▶ 합격 발표 1. 서류 전형 KT aivle school DX 트랙 지원서의 형식은 특별하거나 쓰기 어렵지... 이것저것 둠칫둠칫https://blog.naver.com/minavril16/223029837817N[KT AIVLE] KT 에이블스쿨 3기 DX트랙 합격후기2023-02-28교육이 시작되고 1달이 지나서야 올리는 후기ㅎㅎ KT AIVLE 스쿨을 선택한 이유 KT 에이블스쿨은 기업... (실제로 교육이 시작된 지 1달이 지난 지금 매우 만족하고 있답니다.ㅎㅎ) 아래 링크에서 에이블스... Joyhttps://blog.naver.com/gogi3236/223030108008N[KT AIVLE] KT 에이블스쿨 3기 사전 준비 및 노트북 수령2023-01-28ㅋㅋ 노트북 수령 교육을 수강하는데 필요한 노트북을 수령하기 위해 안내받은 'KT 분당 교육장'으로... 중간에 글을 쓸 이유가 생기면 다시 찾아올게요~ #KT에이블스쿨 #에이블스쿨 #에이블스쿨3기... Raina의 소소한 일상https://blog.naver.com/hhw4090/222997128589N[KT 에이블스쿨] AI 개발자 트랙 합격 후기+지원 계기2023-02-25KT 에이블스쿨 지원 계기~! & THANKS TO 힘겹게 졸업작품 전시를 마치고 취직 준비를 하는데 4학년 2학기가... 다음날 KT에서 에이블스쿨이라는 국비지원 프로그램을 진행한다고 해서 다시 찾아뵙게 되었다.... Trick and Sweethttps://blog.naver.com/jude_712/223027716818",,,,,,,,,,,,,
-,코드스쿼드,230,310,540,"4,270",7.907,- (-),N[CODE SQUAD] 코드스쿼드 2022 마스터 코즈 합격2021-12-19 이러한 생각이 들기 시작했고, 찾아본 결과 코드스쿼드가 적합하다 생각했다. 6개월 동안... 스파게티 코드였다... 최대한 TDD를 활용하면서 구현했지만... 리팩토링 단계를 계속 건너뛰어서 코드에서 악취가... Blog-Shinehttps://blog.naver.com/zbqmgldjfh/222599284058N영화 더 수어사이드 스쿼드 리뷰 * 개그 코드도 과하게 잔인한... 2021-08-04일단 영화 <더 수어사이드 스쿼드>의 개그 코드가 나와 전혀 맞지 않았다. 내가 웃음에 박한 사람이긴 하지만(=코미디 영화를 좋아하지 않음), 그런 걸 감안해도 이 영화를 보면서는 대체 어디서 웃어야 할지... 럽카키의 수다 공간https://blog.naver.com/lubkhaki/222456886020N카카오, 코드스쿼드 시니어 개발자가 말하는 나만의 원칙2022-10-14- LIVE / 무료 마켓컬리, 몰로코, 카카오, 코드스쿼드 시니어 개발자가 말하는 나만의 원칙... kr #대외활동 #대외활동사이트 #대외활동일정 #대외활동정보 #추천대외활동 #코드 #개발... 올콘 대외활동지기https://blog.naver.com/pjkcon511/222899897925N[영화 수어사이드 스쿼드] 감독의유머코드를 알면 재미가 있다.... 2021-08-21이번의 수어사이드 스쿼드는 웃음코드가 풍부하다. 물론 이런 유머코드는 개취가 있어서 호불호가 있겠다. 적어도 나에겐 실컷 즐길 수 있는 영화였다. 시작은 무언가 말도 안되고 산발적이고 각각의... becoming wiserhttps://blog.naver.com/findpoint/222479048934N풋볼마스터2 쿠폰,기프트코드 및 공략2입니다! 원하는 스쿼드... 2021-10-02기프트코드 그리고 저번에 공략을 올려드렸었는데 그거에 추가해서 공략2를 적어보도록 하겠습니다. 일단 저는 리버풀 11인으로 풀 스쿼드를 맞추고 싶은 콥이고 현재 3자리빼고는 모두 리버풀 선수들로 맞춘... gellopp의 이모저모 게임이야기https://blog.naver.com/gellopp/222524461036N2021. 11. 01. 코드스쿼드 코코아과정 1일차2021-11-01코코아과정 1일차를 맞아 오리엔테이션을 실시했다. 크롱('님'자를 붙이지 말 것을 권장하셔서 존칭은 생략하겠다)이 OT를 주관하였고 호눅스와 JK가 기타 부족한 점을 보충하는 식으로 진행되었다. 첫 날이라... 비내리는 The street of soul..https://blog.naver.com/raining90/222555700595N아스가르드 250레벨 슈퍼 부스트 스쿼드 후기, 온라인게임추천2023-03-17슈퍼 부스트 스쿼드 후기 우선 쿠폰 코드 성물대전에서만나요를 입력하면 2500만 글로드 스킬 포인트 수표를 받을 수 있다. 이는 스킬 포인트를 구매할 때 사용할 수 있는 돈이라고 보시면 된다. 한 번 쓴다고... 네오필 블로그https://blog.naver.com/doek11/223047528412N로블록스 애니메 스쿼드 시뮬레이터 코드 2022년 9월 2차2022-09-11#로블록스 애니메 스쿼드 시뮬레이터 #애니메 스쿼드 시뮬레이터 코드 무료게임인 로블록스에는 수많은 게임들이 존재 합니다 여러분은 어떤 게임을 좋아 하십니까? 로블록스의 다양한... 로블록스 코드 사이트https://blog.naver.com/hyuney77/222871708439N[이용후기] 고품질 소프트웨어 교육 전담팀 (주)코드스쿼드 김... 2016-11-28스쿼드라는 뜻이 전담팀이라는 의미가 있어서 코딩 소프트웨어를 가르쳐주는 전담팀 같은 느낌으로 코드스쿼드로 정했다. 창업을 하게 된 계기는? 예전엔 창업이 막연하게 제가 만들고 싶은 걸 만들어서... 창업진흥원 공식 블로그https://blog.naver.com/startupkised/220872484939N넷마블 지스타 2022 나 혼자만 레벨업, 하이프스쿼드 체험 후기2022-11-17QR코드로 하이프스쿼드 파이널 테스트 참여 코드를 획득," 스팀 로그인 찜하기를 하고 STAFF에게 인증하면 스탬프가 지급됩니다. 스탬프 1개당 다양한 경품을 획득할 찬스 1회가 생기니 도전해 보세요. 그다음은... 주리오의 겜잇이야기https://blog.naver.com/jjang986/222931448001""",,,
-,Apple 디벨로퍼 아카데미,10,10,20,68,3.4,낮음 (0),"N대한민국 청년의 기회! 애플 디벨로퍼 아카데미 1기 수료식2022-12-13오픈한 Apple 디벨로퍼 아카데미의 1기 수료식과 애플 제조업 R&D 지원센터 기념 행사를 진행했습니다.... “Apple은 대한민국에서 오랜 역사를 가지고 있으며, 오늘의 디벨로퍼 아카데미 수료생은 Apple이... 이지이 IT창고https://blog.naver.com/bizzy78/222954115335N2024 Apple 디벨로퍼 아카데미 모집 일정 오픈2023-03-17apple 아카데미처럼 데이터분석 분야도 그런 아카데미는 없을까? ㄹㅇ 이름있는 유명 기업에서 진행하는 데이터분석쟁이들을 위한 교육 프로그램,,,ㅎ 아 물론 데청캠도 있다^^ 난... inghttps://blog.naver.com/pigs789/223047603989NApple developer academy 2기 | 애플 디벨로퍼 아카데미  2기... 2023-02-02안녕하세요 애플디벨로퍼 아카데미 1차 합격자입니다. 네! 2차 탈락자입니다^^ 사실 제가 왜 1차 합격이... APPLE인 만큼 공공의 선도 중요시 여기지 않을까? 싶어서 다른 포트폴리오에서 제외한 성평등 위원회... 조각모음https://blog.naver.com/otato0/223003395589N애플 디벨로퍼 아카데미; 포항공대 - Apple 개발자... 2021-12-20포스텍- Apple 개발자 아카데미 Apple Developer Academy @ POSTECH iOS 생태계에서 글로벌 개발자로의 성장을 꿈꾸는 사람이면 누구나 환영합니다. 9개월 동안 여러분은 코딩 전문 역량, 디자인, 마케팅... 이성근쌤의 메가마인드수학https://blog.naver.com/biomath2k/222600356185N[애플 디벨로퍼 아카데미] 2024 아카데미 3기 모집 상반기... 2023-03-09ly/final_jun1 #애플 #포스텍#애플디벨로퍼아카데미#Apple#POSTECH#AppleDeveloperAcademy#설명회#인포세션#글로벌#디벨로퍼#아카데미#개발자#월클#iOS#앱개발#스타트업#창업#디자인#UIUX... 애플 디벨로퍼 아카데미https://blog.naver.com/developeracademy/223039684012T애플 디벨로퍼 아카데미2022-01-10그 이후에 12개가 넘는 디벨로퍼 아카데미가 설립되었고, 드디어 한국에도 문을 열게 되서 우리나라 학생들에게도 많은 교육의 기회가 열린다고 평가할 수 있습니다. Apple Korea 제너럴 매니저는 Apple은... 오늘의 즐거운 이야기 - 좋은 정보가 가득https://soojins.tistory.com/entry/%EC%95%A0%ED%94%8C-%EB%94%94%EB%B2%A8%EB%A1%9C%ED%8D%BC-%EC%95%84%EC%B9%B4%EB%8D%B0%EB%AF%B8N2022 애플 디벨로퍼 아카데미 최종 합격2022-02-09Apple Developer Academy에 최종 합격했다. 같이 지원했던 사람들 죄다 떨어졌고 나 혼자 붙어서 자랑도... IT 업계에서 일하는 지인이 나름대로 조금 있는 편인데", IT 업계에서는 애플 디벨로퍼 아카데미가 꽤나... 마늘빵의 AI 프로그래밍https://blog.naver.com/netkjp/222642736091NApple developer academy... 애플 디벨로퍼 아카데미... 2023-02-05애플디벨로퍼 아카데미 분들.. 아니 러너분들 그럼 저를 재치고 합격하신 거 축하드려요 ㅎ_ㅎ 저는 떨어진 것에 대한 이유를 찾아서 후회하지는 않는데요, 떨어진 분들, 붙으신 분들 모두 후회 없는 선택으로... 조각모음https://blog.naver.com/otato0/223006092438NApple, 대한민국 기업가, 개발자, 그리고 중소기업에게 새로운... 2022-12-13Apple, 대한민국 기업가, 개발자," 그리고 중소기업에게 새로운 기회 제공 Apple 디벨로퍼 아카데미... 오늘의 디벨로퍼 아카데미 수료생은 Apple이 한국에 기여한 다양한 형태의 협업을 보여준다”며... KMUG 케이머그https://blog.naver.com/kmug/222954754294N[애플 디벨로퍼 아카데미] FAQ2022-05-09#애플 #포스텍 #애플디벨로퍼아카데미 #Apple #POSTECH #AppleDeveloperAcademy #글로벌 #디벨로퍼 #아카데미 #개발자 #월클 #iOS #앱개발 #스타트업 #창업 #디자인 #UIUX #비즈니스 #앱경제 #혁신 #다양성 #자기계발애플 디벨로퍼 아카데미https://blog.naver.com/developeracademy/222726237895""",,,,
-,AI SCHOOL,20,10,30,"15,565",518.833,중간 (1),"N[추천교육]MS AI School 2기수 훈련생 모집?2023-02-23MS AI School은 마이크로소프트에서 제공하는 AI·디지털·데이터에 대한 교육 커리큘럼을 통해 프로젝트를 수행하며 실무 감각을 익히고, 교육 프로그램에 참여하는 교육생들이 취업시장에서 경쟁력을 갖출... 올콘아부지https://blog.naver.com/asvf123/223025257604N[aSSIST] 경영리더를 위한 Business AI School 개원 안내2022-05-17「경영리더를 위한 Business AI School」 교육이 7월 5일(화)부터 매주 화요일에 10주간 시작됩니다. AI를 도입·활용하고자 하는 기업의 경영리더분께 반드시 도움이 될 수 있는 교육이라... 서울과학종합대학원대학교 공식 블로그https://blog.naver.com/assist_univ/222735594629NMS AI SCHOOL 2기 합격 후기2023-03-16아침에 온 문자 한통, 야호~ MS AI School? 거의 3년간 같은 일은 해왔던 찍쥐돌이는 최근엔 일을 그만두고 새로운 일들을 이것저것 많이 경험해보고 있는데요, (그 중 블로그도 하나랍니다^.^) 이번에는 MS AI... 찍쥐돌이의 블로그https://blog.naver.com/stick_with/223046054546NKT AIVLE School 2기 합격 후기(AI 트랙)2022-06-29KT AIVLE School AI 트랙 합격 KT AIVLE(에이블) School 2기에 AI 개발자 트랙으로 최종 합격했다. 대학교 4학년이 끝나고 이제 뭐 해야 할지 고민하고 있던 와중 학교에서 KT AIVLE 2기를 모집한다는 소식을 듣고 마침 AI... 마안보의 블로그https://blog.naver.com/dtddtd4861/222794018758NAI디지털교과서 2025년부터 : AI Digital School... 2023-02-27The plan aims to meet different educational needs of students across various academic levels by harnessing metaverse, AI or extended reality technologies amid shrinking school-age populations and technology advancement... 슬기로운 영어 생활https://blog.naver.com/lanxpert/223028590784N기초과학연구원(IBS) Winter School on AI-Boosted Basic... 2022-12-08IBS Winter School on AI-Boosted Basic Science 2022 안녕하세요 @:) 심심이와 MOU 체결한 기초과학연구원(IBS)에서 주최하는 행사를 소개합니다! 항체, 신경, 기후, 빈곤, AI, Chatbot (antibody... 심심이 한국어 공식 블로그https://blog.naver.com/simsimi_official/222949488669N[AI School-TIL] 통계 1일차_23.02.132023-02-13-요즘 AI는 통계와 밀접한 관련이 있음. 그럼에도 불구하고... [왜 통계적 예측은 충분히 사용되지... 반면 인간의 실수에는 관대함 ex) 그림그리는 AI -> 왜 이것도 못그려 ?? -예측에서 단순성과... 직업인이 되어가는 여정https://blog.naver.com/meggy0818/223013828943NAI School II편 (파이썬을 활용한 데이터 분석), Dataschool... 2022-02-22AI School II편 (파이썬을 활용한 데이터 분석)을 소개드리려고합니다. 강좌 소개 Python은 현재 Data Science, BigData 이외에도 IoT, Web 개발등 거의 대부분의 분야에서 적극적으로 활용되고 있는 언어로 자리... (주)드림아이티https://blog.naver.com/dream_it_/222654759335NAI EXPO에 방문한 멋쟁이사자처럼 AI SCHOOL2022-06-30소문을 듣고 AI SCHOOL 운영 매니저들이 출동했습니다. 약 350개사가 참여하여 400개의 부스를 마련한 대규모의 행사였는데요. 인공지능 기술과 산업의 현재 모습을 관찰할 수 있었던 생생한 현장을 함께... 멋쟁이사자처럼 공식블로그https://blog.naver.com/likelion_official/222793668827NAI 부트캠프 지원 및 면접 후기(알파코, MS AI School)2022-10-07MS AI School https://msaischool.kr/?utm_source=viral&utm_medium=all&utm_campaign=viral_specup&utm_content=b 알파코와 더불어 지원했던 이것도 내일배움카드로 진행되는 부트캠프였는데, 일반 교육기관이 아니라... In to the Oceanhttps://blog.naver.com/leuce/222894434722",,,,,,,,,,,,,
-,메가바이트 스쿨,40,20,60,440,7.333,- (-),"N메가바이트 스쿨 | “메가바이트 스쿨? 프론트엔드 개발... 2022-04-08메가바이트 스쿨: 핀테크 서비스 프론트엔드 개발자 취업 완성 2기 수강생 천희영님의 인터뷰 글... 메가바이트 스쿨은 커리어 성장의 기회 여러분은 식당을 선택할 때, 어떤 기준을 세우나요? 간판이나 외관... 패스트캠퍼스 : FAST CAMPUShttps://blog.naver.com/fastcampus/222695305438N[패스트캠퍼스 메가바이트 스쿨 : PM 1기] 합격 후기2022-12-28패스트캠퍼스의 메가바이트 스쿨 : 프로덕트 매니저(PM) 과정이었습니다! (두둥) 출처 패캠 메가바이트 스쿨 PM과정 사이트 과정 소개 메가바이트 스쿨은 고용노동부의 K-디지털 트레이닝 사업의 일환으로... 별빛백화점https://blog.naver.com/jgh1524/222968373689N이번 주 뭐했어?: 코드스테이츠 + 메가바이트 스쿨 프론트엔드... 2022-12-09메가바이트 스쿨에서 붙었다고 연락이 오니깐 너무 당황스러웠다. 코드스테이츠에 12/4까지 탑승 완료 의사를 밝혀야 해서 미리 탑승해뒀기 때문이다; 음... 그래도 여차저차 잘 말씀드려서 일단 메가바이트... World of Myugaahttps://blog.naver.com/myugaa/222950357763N[메가바이트 스쿨] 프로덕트 매니저(PM) 과정 1기<지원과정>2022-12-24[메가바이트 스쿨]프로덕트 매니저 과정 1기 지원 과정 갈만한 가치가 있는 곳은 지름길이 없다.... 메가바이트 스쿨에서 진행하는 PM과정의 신청접수 순서. 접수과정이 어... 4단계였다. 일단 뭐 사전신청서... 아가PM 라꾸의 여정일지https://blog.naver.com/rakggu_s/222964383079N[패캠] 메가바이트스쿨 : 데이터 분석가 취업 완성 과정... 2023-03-10이번 메가바이트스쿨이 가장 준비하는데 있어서 나에게 적합할 거 같다는 생각에 신청을 하였다. 신청부터 이번 강의를 듣기 전까지 나의 원래 목표였던 데이터 분석을 배우자는 목표가 나도... 끄적거림https://blog.naver.com/check_matt/223040380102N일산 고고테니스 스쿨 + 서울드래곤시티 메가 바이트 망고빙수2021-08-242주만에 #고고테니스스쿨 대관해서 테니스 고고! ㅎㅎ 한주 쉬었더니 어찌나 힘들던지.. 20분... 있는 #메가바이트 들러, 치킨에 망고빙수 냠냠 호로록 하고_ 한참을 뻗어있다가 늦저녁으로 도넛 주문해서 또 순.... 엘리신의 지름신https://blog.naver.com/zihye9000/222482329333N[대외활동사이트] 메가바이트 스쿨 : 데이터 분석가 취업 완성2022-10-27https://www.all-mice.co.kr 공모전 대외활동 사이트 - 올콘 https://www.all-con.co.kr #대외활동 #대외활동사이트 #대외활동일정 #대외활동정보 #추천대외활동 #메가바이트 #스쿨... 올콘 대외활동지기https://blog.naver.com/pjkcon511/222912221788N패스트캠퍼스 메가바이트스쿨 백엔드 과정 4기 부트캠프... 2023-03-02지원 계기 및 과정 - 지원 계기 전공자이고, 학교 공부는 열심히 해 평균 학점은 높고 자격증도 있지만 개발관련 개인 프로젝트 경험이 많이 없어 취업을 앞두고 막막하기만 했었다. 사실 회사 소개도 2번... yeeerimhttps://blog.naver.com/yeeerim_/223032012096N[패캠] 메가바이트스쿨 : 데이터 분석가 취업 완성 과정... 2022-03-042. 25 (금) 강사님들과 비대면으로 진행한 두번의 강의 이후, 처음으로 진행한 온라인 강의 수강이었다. 오늘 진도는 엑셀 강의였는데, 작년에 컴활2급을 땄으니, 할만하겠지 하고 덤벼들었지만 내가... .https://blog.naver.com/hyosang0389/222663772433N메가바이트 스쿨 : 프로덕트 매니저 (PM 1기)2023-01-25https://www.notion.so/Until-Become-a-CEO-f1bb310caa144cf1b04882a69e3be68b #패스트캠퍼스 #PM부트캠프garmy517님의 블로그https://blog.naver.com/garmy517/222993990842",,,,,,,,,,,,,
-,바닐라코딩,210,360,570,"3,207",5.626,낮음 (1),"N바닐라 코딩 Starter Kit 시작, STEP 0-1 완료2022-08-06나는 왕초보자이므로 코딩에 익숙해지고 기본기를 익히는데 시간은 걸리겠지만, 이왕... https://boottent.sayun.studio/camps 이것저것 둘러보는데 바닐라코딩이 눈에 확 들어왔다! 다른... 기록하는 공간https://blog.naver.com/nidana_/222841223688N바닐라JS 클론코딩 챌린지 후기2022-03-01엄연히 바닐라JavaScript를 다루는 수업이기 때문에 유료강의인 <코코아톡 클론 강의>를 듣고 오면... 부족하지만 코딩 배운지 2주정도 되었을때 했던 것이다. https://mtl1015.github.io/vanilla-js/ 사진이... 콜못사의 기록일지https://blog.naver.com/mtl1015/222660541669N[클론코딩] 노마드코더 바닐라js 강의 + 챌린지 후기2023-01-10▶? 시작 시점의 나의 코딩 실력: 개발 코린이도 아니고 코세포 정도 코딩 입문자로 보면 된다. 바닐라js 강의는 보다시피 요정도 지식은 가지고 들으라고 말한다. 수강 전, 노마드코더 [코코아톡] 강의... 지적 호기심 아카이브https://blog.naver.com/ye__ong/222980614274N바닐라코딩, 예비·현직 개발자를 위한 연말 파티 개최2022-11-23코딩 부트캠프 바닐라코딩이 오는 12월10일 IT 개발자들의 네트워킹을 위한 커뮤니티 연말 파티 '메리 블루 크리스마스'(Merry Blue Christmas)를 연다고 22일 밝혔다. 바닐라코딩은 개발자로서의 새로운 커리어를... 삼성컴퓨터전산회계학원^_^https://blog.naver.com/minchaeryn/222935761131N코딩 독학:  노마드 코딩- 바닐라 JS 챌린지 2주 완성반 15기... 2021-08-23노마드 코딩 - 바닐라 JS 챌린지 2주 완성반 15기 - 1일차 #1.4 Why JS - 크로미움 기반의 브라우저: 크롬, 브레이브 - 자바스크립트(JS)는 프론트엔드에서 사용될 수 있는 유일하나... 지영이의 공간https://blog.naver.com/bingrijuly/222480762983N내가 바닐라코딩 말고 '여기'를 선택한 이유2022-05-13바닐라코딩 측은 그래도 지원자 선별을 위해서 코딩테스트를 보기는 하지만 일단 커리큘럼 자체에 기초교육이 포함되어 있다는 점이 별로였어요. 게다가 가격도 엄청나게 비싼 편이었구요(ken님은 좋지만... 할방방구의 트렌드 따라잡기https://blog.naver.com/charlotte_cf/222730843814N[코딩애플 javascript]... fail, 바닐라js get, jQuery... 2023-02-22바닐라스크립트로 get은 어떻게 작성할까 [코딩애플 javascript] 2023-02-22 fetch('https://codingapple1.github.io/price.json') .then(res => res.json()) .then(data => { console.log(data) }... 1 Corinthians 4:1-2https://blog.naver.com/eljsh95/223016006707N건성쿠션 추천 ! 셀프코딩 글로우마이트 쿠션팩트 바닐라2021-10-07빛나는 내피부를 밝고 촉촉하게 비추는 셀프코딩 건성쿠션 오늘리뷰할 제품은 셀프코딩 글로우 마이트... 제품 디자인도 영롱하고 광채 가득한 고급스러운 패키지 였는데 제가 선택한 컬러는 바닐라 ! 화해에서... 쭈리's bloghttps://blog.naver.com/songwha5/222530264624N[코딩 독학 블로그] 노마드코더 바닐라 JS 로 크롬앱 만들기... 2022-02-24// 코딩 독학 D+114 노마드 코더 자바스크립트 시작!!!! 노마드코더 코코아톡 클론코딩을 끝내고... node js 도 대기타는 즁,,, ----- 3월 6일 바닐라 js 중간 후기 진짜... 어렵다 Html css 를 자바스크립트와... Veritas_Search through Binary_Search |https://blog.naver.com/binary_search/222656196586N노마더코딩 바닐라 JS 챌린지 졸업작품2022-06-22노마더코딩의 바닐라 JS 2주 챌린지가 끝났다! 이렇게 순식간에 끝나다니... 무료 강의였음해도 불고하고 이번 챌린지와 강의를 통해 감을 잡아갈 수 있어서 좋았다. 졸업작품으로 강의에서 배운 to do List... 새 출발https://blog.naver.com/poboo99/222784607221",,,,,,,,,,,,,
-,라이프해킹스쿨,"1,950","1,710","3,660","9,791",2.675,낮음 (0),"N{자청} 라이프해킹스쿨2023-01-14#라이프해킹스쿨 #자청 #자청아카데미 #자청책 #라이프해커자청 #라이프해킹아카데미 #경제적자유아카데미 #경제아카데미 #무자본창업 #무자본창업아카데미 #자청심리학 #자청지능심리학 #자청부자 #자청재산... 건강하게, 자유롭게, 우아하게https://blog.naver.com/bellevuecake/222984547619N쿠팡 판매자 되려고 라이프해킹스쿨 쿠팡 셀러 강의 들었어요!2023-01-23쿠팡 셀러 되기위해 라이프해킹스쿨 강의 들었어요 쿠팡으로 순수익 월 3천만원 벌기 안녕하세요!... 라이프해킹스쿨 : 쿠팡으로 순수익 월 3천만원 벌기 강의를 들었어요 노병곤님께서 강의를 진행해 주세요... 제이언, 즐거운 재테크https://blog.naver.com/angel_1/222991305612N어쩌다 라이프해킹스쿨 선행과정2023-03-09어쩌다 라이프해킹스쿨 선행과정 지난주 어쩌다보니 저도 모르게, 뭐에 홀린듯이. 이미 결제하고 있는 손가락, 라이프해킹스쿨 선행과정에 합류하게 되었습니다. 5일간의 챌린지, 미션을 모두 수행하면... 2027 자유인을 꿈꾸며 N잡러 Challengehttps://blog.naver.com/freeman2027/223040018463N[1일] 라이프 해킹스쿨 선행 과정 26차2023-01-21#라이프해킹스쿨 #블로그챌린지 https://lifehacking.co.kr/bootcamp 블로그 이웃이 라이프 해킹스쿨 강의 후기를 올린 것을 보고 참여하게 되었습니다. 5일간 과제 100% 인증시 100%환급을 해주는 시스템으로 되어... 같이 걷는 삶https://blog.naver.com/mind_booja/222990304243NMZ세대 창업형 인간!! 라이프해킹스쿨 창업이야기2022-02-27라이프해킹스쿨. 유명 강사의 강의도 눈에 띄는데요. 라이프해킹스쿨의 창업자 32살 이한별 대표가 나온 돈이되는 탐구생활 영상을 보았는데요. 상당히 인상적입니다. 요즘 MZ세대 창업가들의 기세는 정말... 서울휘의 SideProject schoolhttps://blog.naver.com/seoulwhi1/222659207635N무인렌탈스튜디오 창업 강의 추천 :: 라이프해킹스쿨 스튜디오... 2022-06-22라이프해킹스쿨 사이트에 들어가서 무인렌탈스튜디오 창업 강의를 찾으면 바로 요 강의가 나온다. 이지영쌤의 강의인데, 수강 전에 리뷰를 살펴보니 유튜브로 먼저 접하고 관심이 생겨서 라이프해킹스쿨... 기튀뻥의 특별한 일상https://blog.naver.com/toy3655/222784763291N라이프해킹스쿨 창부캠 #32023-03-11때, 라이프 해킹 스쿨 서비스의 퍼널은 어떤지 알아보자. 우선 인지는 이제까지는 하지 못했다. 사실 창업에 관심이 있음에도 이제껏 라이프 해킹 스쿨에서 창업관련 강의를 하는 줄 몰랐고, 이런 강의... 융복합 문화 공간 FREE DONGhttps://blog.naver.com/ddongh719/223041783745N창업형 인간 무자본 마케팅 성공비결 (라이프해킹스쿨 김성공)2023-03-10보니 다른 커리큘럼을 보면서 경제적자유, 재태크에 관한 관심분야가 눈에 띄면서 결제를 할까 하는 지경까지 옴. #김성공 #창업형인간 #라이프해킹스쿨 #자청 #라이프해킹 #경제적자유 #무자본창업 #창업하기무궁화실: ) 무궁무진한 열매를 맺다https://blog.naver.com/artbbon/223041048663N[라이프해킹스쿨] 5일 완성 과정, 창업형 인간되기 1부... 2023-03-11[02] 라이프 해킹스쿨 서비스 퍼널 크랙 진단하기 인지 - 책, 인플루언서 마케팅 호기심 - 창업형 인간되기, 경제적 자유 얻기 몰입 - 상세페이지, 구체적인 창업 경험 명시 의심 - 블로그 리뷰, 댓글 등... 시녕1기https://blog.naver.com/shin_022/223041750269N[15년 전 오늘] 공부<> 3일차 라이프해킹스쿨 과제2022-08-12[02]라이프해킹스쿨 서비스 퍼널 크랙 진단하기 인지-호기심-몰입-의심-욕구-구매-재구매 인지(어떤 게 있니?) 라이프해킹스쿨의 창업형인간되기, 창업형 인간이란 단어가 주는 신선함과 대표가 말하는... 그리고는 그래서https://blog.naver.com/shindagirl/222846264287",,,,,,,,,,,,,
-,엘리스,"4,190","11,900","16,090","243,530",15.135,- (-),"N위례 피부관리, 엘리스스킨케어에서 트로이필 관리로 속건조... 2023-02-25위치한 엘리스스킨케어입니다:) 엘리스 스킨케어는 8호선 남위례역에서 아주 가까워요 위례 주민 뿐만 아니라 트로이필 관리 등에 관심 많은 분들은 방문하기 쉬운 접근성이더라구요! 저도 퇴근 시간 맞춰서... 흥해도 청춘, 망해도 청춘https://blog.naver.com/joy_9372/223027565472N후쿠오카 여행 코스 오호리 공원 다이묘거리 엘리스샵2023-02-12후쿠오카 여행 코스 오호리 공원 - 다이묘거리 (엘리스 온 웬즈데이) 후쿠오카 여행을 하면서 다녀왔던... 이날 다이묘거리를 찾아간 이유는 친구가 가보고 싶다는 엘리스샵이 목표! 후쿠오카 다이묘 거리는... 행복과 긍정https://blog.naver.com/gilyysuu52/223013211396N위례 피부관리 엘리스스킨케어 에서 트로이필 관리 받다2022-12-20요즘에 피부샵 시술에 다양하게 관심을 가지는데 이번에는 위례 피부관리샵 엘리스스킨케어에... 보통 피부샵에 가면은 팩을 올려두고 한참 누워 있는 시간이 있는데 위례 엘리스스킨케어 원장님 께서는... 사랑이 피어나는 금동소금이네https://blog.naver.com/cola5391/222961165406N일본 후쿠오카 가볼 만한 곳 수요일의 엘리스 : Alice on... 2023-03-02수요일의 엘리스 : Alice on Wednesday를 소개해드리고 자 글을 쓰게 됐어요 이상한 나라의 앨리스를... 마지막 날이라 숙소에 캐리어를 잠시 맡겨두고 오픈한지 얼마 지나지 않아 방문한 수요일의 엘리스 : Alice on... 일상 and 여행https://blog.naver.com/okm05028/223031863954N공덕맛집 화덕이 있는 피자 파스타 맛집 | 엘리스리틀이태리 공덕2023-01-07고급스런 파스타, 화덕에 직접 굽는 화덕피자 네이버 플레이스 엘리스리틀이태리 공덕 서울 마포구... 유명한 엘리스리틀이태리 공덕! 한참 전에 캐치테이블로 예약을 해두고 이제서야 방문해보았다... 정성스런 먹방일지https://blog.naver.com/agadaaa/222977818418N미니 1인용 압력솥 엘리스앤클레어 계란국 1인분 요리2023-02-27[엘리스앤클레어 미니미 IH 1인용 압력솥] 집밥의 완성은 맛있는 반찬이 아닌 찰지고 구수한 밥맛이... 그래서 이번에 작고 귀여운 엘리스앤클레어 미니미IH 1인용 압력솥을 들였답니다. 요즘 요기에... 제시의 달빛부엌https://blog.naver.com/dhdmsdo79/223028597595N위해 일하지마 마라, 나의 것을 만들라 (이상한리뷰의엘리스 참고)2023-03-18이상한리뷰의엘리스참고 성공하는 사람들의 태도에 대해서는 모두가 아는 바이다. 결국 본인의... 이상한리뷰의엘리스참고 이상한리뷰의엘리스참고 이상한리뷰의엘리스참고 이상한리뷰의엘리스참고 2.... 기낭이의 리얼라이프https://blog.naver.com/dchwow2/223048109800N마장호수카페 커피가 맛있는 엘리스오븐 (feat.쿠키선물세트)2023-03-10하는 엘리스오븐 디저트 카페랍니다 이곳은 카페와 기산리 커피공장을 함께 운영하고 있는 규모가 큰... 좋아요 엘리스오븐 디저트카페라서 그런지 맛있는 베이커리도 다양하게 진열되어 있답니다 이곳에서... 새콤달콤 맛있어..https://blog.naver.com/samo002/223040285781N삼성역와인삽, 코엑스 근처 엘리스와인에서 내돈내산 와인구매... 2023-03-17엘리스와인 위치 : 서울 강남구 영동대로 106길 33, 101호 봉은사역 5번 출구에서 326m 운영시간 : 11:30~20:30... 삼성역와인샵 엘리스 와인! 강남역에서 근무를 하다가 얼마전 삼성역으로 이직을 했어요. 제가 와인을... 쁘띠언니의 영어도전기https://blog.naver.com/bluestory02/223047261264N책, 마음을 변화시키는 긍정심리학-앨버트 엘리스, 로버트 하퍼2023-03-17앨버트 엘리스와 로버트 하퍼가 쓴 긍정의심리학은 우리의 잘못된 신념을 바라보고 바꾸는 것에 대해 쓴 글이다. 앨버트 엘리스는 인지-정서-행동-치료 창시자로 불합리한 생각들을이 문제를 일으킨다고 한다.... 이루다https://blog.naver.com/treeeq/223047021646",,,,,,,,,,,,,
-,SSAFY,"2,120","3,350","5,470","5,083",0.929,높음 (3),"N[부트캠프] 비전공자 싸피(SSAFY) 7기 합격 후기/자소서 서류... 2022-01-04싸피(SSAFY) 서류 제출, 그리고 제가 생각한 좋은 에세이 흐름은요... 싸피(SSAFY)는 삼성이 주관하고 고용노동부가 후원하는 전문 소프트웨어 엔지니어를 양성하는 프로그램으로, 일 년에 두 번(상반기... 라혜답게https://blog.naver.com/cdh623/222612266887N싸피면접 : SSAFY 비전공자 서류 합격 면접 진행2023-03-14싸피면접 : SSAFY 비전공자 서류 합격 면접 진행 면접 관련 질문은 거의 모두 비공개라 알려드릴 수 없습니댜 죄송합니댜 ※ 제가 이야기하는 동안 삼성에 끌려갈지도 모릅니댜 사실 이미 5기 때도 지원해서... 솜뭉치https://blog.naver.com/ad_1006/223044416840N[자소서&면접컨설팅] SSAFY 자소서컨설팅 후기2023-03-14[자소서&면접컨설팅] SSAFY 자소서컨설팅 후기 어느새 SSAFY (싸피) 가 6기까지 종료되었습니다! 이번엔 본업 일정 때문에 운영이 어려울 수도 있겠다 싶었는데, 다행히 조금 여유가 생겨서 인원 제한적으로... 김포손부업https://blog.naver.com/tnrtnr2207/223044407329NSSAFY 9기 입학식 & 웰컴킷 후기2023-01-21지난번 해커톤때 받은 스티커를 깜빡하고 노트북에 안붙이고 있었는데 이거랑 같이 붙이면 되겠다는 생각이 들었다 전체적으로 SSAFY 글자가 많이 들어가서 이걸 붙이고 카페에 가면 누가봐도 SSAFY 출신인걸 알... Judgement's storehttps://blog.naver.com/kjy6135/222990415359N삼성SSAFY 아카데미 적성진단 단권으로 마스터2022-10-17저는 이번에 개인적으로 준비하고 있는 삼성SSAFY 공략에 많은 시간을 투자하고 있는데 SSAFY는 삼성의 현업 소프트웨어 교육을 배울 수 있어 취업준비생 사이에서 대기업 취업 등용문으로 통하고 있기에 코딩... 취업 희망의 불씨를 키우다https://blog.naver.com/mirr7982/222902338102NSSAFY 10기 지원할 사람 꼭 보세요! SSAFY합격하는 방법2023-03-10알고리즘잡스입니다 오늘은 드디어 기다리시던 SSAFY 10기 대비 강의 개강 소식을 알려드리려고 합니다. 그리고 무엇보다 #SSAFY10기 가 마지막이라는 카더라가 많아서 그래도...호옥시 모르니 #SSAFY... 알고리즘잡스 공식블로그https://blog.naver.com/algorithmjobs/223040095251N[SSAFYcial] 비전공자 SSAFY 9기 교육생의 입과 Before... 2023-02-20이번달부터 SSAFFYcial 9기로 활동하게 된 정은경 기자입니다 1월 초에 진행한 스타트캠프가 엊그제 같은데 벌써 SSAFY에서 한달하고도 몇주를 더 보냈어요 그래서 제 첫 기사에서는 SSAFY에서의 한달을... ???s ?s ??s? ??? ???s? ??????https://blog.naver.com/f1rstf1y9/223021484751N미래 소프트웨어 인재 양성, SSAFY 9기 1,150명 입학2023-01-20SSAFY에서 열심히 노력해 실력 있는 개발자로 성장하고 싶다.” 삼성이 취업준비생들을 대상으로 소프트웨어(SW) 교육을 무상으로 제공하는 ‘삼성청년SW아카데미(Samsung Software Academy For Youth, SSAFY)’의... 전자랜드파워센터 오광장점https://blog.naver.com/etland_og/222989442471N해커스 SSAFY 교재로 SW적성진단 준비하기, 교재 소개2022-11-27#SSAFY #SW적성진단 #SSAFY교재 #해커스SSAFY #SW적성진단CT #SSAFY에세이 #SSAFY면접 지난번 SSAFY를 준비하면서 SW적성진단을 준비할 때 생각보다 자료가 없어서 막막했던 기억이 있었다. 해커스 SSAFY (싸피:삼성... 김다의 김다이야기https://blog.naver.com/fkflekdud77/222939049847N싸피SSAFY 통합 기본서로 SW적성진단 준비해 볼까2022-11-13해커스 SSAFY (싸피:삼성 청년 SW아카데미) 통합 기본서 SW적성진단+에세이+면접 저자 해커스 취업교육연구소 출판 챔프스터디 발매 2022.10.04. 그러다 자연스럽게 알게 된 게 싸피예요. SSAFY는 삼성 청년... 내 인생 정선차려!https://blog.naver.com/jeong9774/222927869617",,,,,,,,,,,,,
-,T아카데미,280,490,770,"2,100",2.727,- (-),"NT아카데미 수료생이 쓰는 교육 후기 및 ASAC 교육생 모집 소식... 2022-08-10[K-Digital Training 디지털선도 기업아카데미] T아카데미 ASAC 교육생 모집 을 리뷰해보았는데요 도움이 되셨으면 좋겠습니다 ㅎㅎㅎ 그럼 저는 여기서 글을 마칠게요!유니님의블로그https://blog.naver.com/bellolkj/222844702799NSpring Framework 이해 (T 아카데미 강의를 들으며)... 2022-02-20T 아카데미 | 스마트 ICT 전문가 양성 (skplanet.com) : Onlline 회원가입으로 무료 수강... IoC컨테이너와 DI T아카데미 | 스마트 ICT 전문가 양성 (skplanet.com) 1) IOC - 개념 : IOC란... itmaster1님의 블로그https://blog.naver.com/itmaster1/222652620558NT아카데미 무료 교육생 모집(빅데이터 분석가, 웹풀스텍 개발자)2022-07-31오늘은 SK플래닛 T아카데미에서 1,700만원 상당의 교육(ASAC 교육 프로그램)을 무료로 해주는 이벤트가 있어.. 서둘러 포스팅해봅니다. (수정일 8/15일 현재 신청 가능하고요.. 8/26까지 신청 가능하다고... ★ 헤맬필요 없이, 꼭 필요한 정보는 다있구만♬https://blog.naver.com/dait90000/222835263031N독학/무료 강의 추천 - T아카데미, 유튜브 Analytics Entrench2022-06-14GA는 진짜 실제로 내가 활용해보고 해봐야 익숙해지는듯 ▼ 구글 애널리틱스(GA) 아카데미 - 구글 공식... 1/ T아카데미 - 온라인강의 [구글 애널리틱스를 활용한 데이터분석 기법] 강의 수강 2/ 유튜브 채널... 5 x 5https://blog.naver.com/su3941/222773285283Nedwith, 인프런, 원티드, 커리어리스킬업, t아카데미)2021-08-14T 아카데미 온라인 무료 강의를 제공하고 있습니다. 회원 가입 후 수강신청을 하고, 학습하면 되고요. 인공지능/데이터사이언스/프로그래밍/기획,디자인 카테고리로 나눠 온라인 강의가 구성되어... 있는 그대로 나 : 보람색https://blog.naver.com/boram842697/222470390434NT아카데미 ASAC AI 기반 웹 풀스택 개발자 과정2022-09-28원래 다니던 학원에서 수업을 받던중 지난달에 면접을 봤던 T아카데미 ASAC AI 기반 웹 풀스택 개발자 양성과정에서 연락이 와서 좋은 기회로 보고 서울로 올라오게 되었다. 방도 구해야하고 첫 수업인데... 고양이 집사 개발일지https://blog.naver.com/pabang0620/222886459797NSK T아카데미, 디자인 전문가 과정 (9기) 강의 진행2021-04-02서울대학교 연구동에 위치한 SK T아카데미의 2015년 디자인 전문가 과정 (9기) 강의가... Previous image Next image #SK #T아카데미 #앱스디자인 #이종원 #강의 #세미나 #GUI #UI #아이폰 #iOS #안드로이드... 위디엑스 - 전문 UX UI 디자인 에이전시https://blog.naver.com/wedesignx/222296154240N[ESG지원사업]T아카데미 ASAC교육생모집2022-08-27안녕하세요 오늘소개할 지원사업은 SK플래닛 T아카데미 ASAC 프로그램 입니다! ASAC은... 프로그램 모집 관련 세부내용은 대한상공회의소 디지털선도기업아카데미 홈페이지(dt.... 끄적끄적음악얘기들https://blog.naver.com/dltnaltt/222859656572N온라인마케팅교육/정진수강사님/SK플래닛/T아카데미2021-11-26여러분 T 아카데미에서는 여러 교육을 진행하고 있으니 꼭 들러보시고 ^^ 필요한 강의 챙겨서 배우실 수 있으셨으면 좋겠어요 유익한 강의를 들을 수 있도록 마련해 준 T 아카데미 최고 ● 인스타바로가기... 수원영통떡 : 시루몽https://blog.naver.com/sirumong/222579715514NPython 프로그래밍(T아카데미) 목차2021-05-19Python 프로그래밍(T아카데미) 01 파이썬 개요 및 설치 02 자료형 및 연산자 03 함수 04 제어 05 클래스 06 모듈 07 예외 처리 08 입출력 09 문자열 다루기 10 날짜 다루기 11 숫자 다루기 12 파일시스템... 새로운 도전을 위해https://blog.naver.com/yoocook2017/222356997488",,,,,,,,,,,,,
