-,키워드,PC 검색량,모바일 검색량,총조회수,문서수,비율,블로그순위 ▼,,,,,,,,,,,,,,,,,,,
-,퍼블리싱,"2,640","2,410","5,050","175,791",34.81,- (-),"N된다네이버블로그상위노출 이지스퍼블리싱, 회사블로그... 2022-07-30그래서 고른 책이 바로 이지스퍼블리싱의 「네이버 블로그 상위노출」 입니다. 블로그 책은 한번도... Info 된다! 네이버 블로그 상위 노출 저자 황윤정 출판 이지스퍼블리싱 발매 2022.06.30. # # #크리스마스라임의 엄마경력기술서https://blog.naver.com/kristmaslime/222834428293N포토샵학원 웹퍼블리싱 마스터하기!2023-01-11근래 들어서는 모바일 환경에서 반응형 웹을 활용하기 때문에 이렇듯 웹퍼블리싱의 다양성을... 웹 퍼블리싱의 심화 절차 가운데, 저는 개인 피드백을 많이 요청하곤 했어요. 난해한 부분은 직접 질문해서... Life Log of Rosehttps://blog.naver.com/metalred/222981342802N웹디자인 웹코딩 배우고 취업하기! 울산웹퍼블리싱학원2023-03-09울산웹퍼블리싱학원 울산웹퍼블리싱학원 안녕하세요 :) 수댕입니다!! 우리 삶에서 빼놓을 수 없는 웹! WEB 모든 기업은 웹이 있죠?! 웹을 포함한 앱도 빼놓을 수 없구요 오늘은 이 웹에 대해서 얘기해보려고... Happy 수댕's Dayhttps://blog.naver.com/ksook93/223039483083N포토샵학원 웹퍼블리싱까지 정복하기2022-12-15처음에는 그런 직업도 있구나 하고 넘겼는데 웹디자인과 웹 퍼블리싱까지 알게 되면서 점차 흥미가... <웹 퍼블리싱 디자인과 함께 배우는 포토샵> 사실 서론에서 제가 웹 퍼블리싱 디자인을 말씀 드려서 난... 황금빛 쭈롱월드https://blog.naver.com/parkrapp/222956686561N자신 있게 체결하는 게임 퍼블리싱 계약 - 퍼블리셔의 권한... 2022-10-25오늘은 BG씨가 “자신 있게 체결하는 게임퍼블리싱 계약 - 퍼블리셔의 권한 범위 설정”에 대해... 퍼블리싱 계약에 포함되는 일반적인 내용을 파악하기 위해서 참고할 수 있는 좋은 자료는 2018년 11월... 부산글로벌게임센터https://blog.naver.com/busangamecenter/222910101197N실전 웹 퍼블리싱 코스<4> - CSS를 작성하는 방법2022-05-07웹 퍼블리싱 작업은 이런 식으로 HTML로 문서를 작성하고, CSS 로 스타일 - 디자인을 입힙니다. 여기에... #웹퍼블리싱 #퍼블리싱 #퍼블리싱기초 #초보 #입문 #웹디자인 #홈페이지 #HTML #CSS #홈페이지만들기... 코딩하는 디자이너https://blog.naver.com/gloomysight/222723884592NP의 거짓 아시아 독점 퍼블리싱 계약 신세계아이앤씨와... 2023-03-06P의 거짓 아시아 독점 퍼블리싱 계약 신세계아이앤씨와 체결 PS5 PC게임추천 안녕하세요. 영원한 콘솔... 네오위즈 퍼블리싱 계약으로 유통망을 확보 네오위즈에서 글로벌 리테일테크 전문기업인 신세계... 스파이크의 무한 잡설 공간https://blog.naver.com/ps3player/223036078818N25주년 기념 에디션 외 세가 퍼블리싱 코리아의 기념품 리뷰2023-03-04그러다가 세가 퍼블리싱 코리아 이벤트에 당첨되었으니까, 유통사한테 간접적으로 감사 인사를 할... 즉 일본에서 매장 특전으로 판매되던 것도 아니고, 정말 세가 퍼블리싱 코리아에서 이벤트 목적으로 한국... ある ひと의 有의미한 BLOGhttps://blog.naver.com/whithmag/223032266332N지속가능한 K-콘텐츠를 위해 | <기획회의> 572호: K-퍼블리싱... 2022-12-05트렌드를 넘어 관심으로 인터뷰 <K-퍼블리싱 열풍, 세계는 어떤 책을 원하는가> 인터뷰 <K-퍼블리싱 열풍, 세계는 어떤 책을 원하는가> 中 영국 출판사 <틸티드 액시스 프레스>의 편집자 '크리스틴 알파로'는... 미루나무 밑에서https://blog.naver.com/rmaal7827/222946939650N대전웹퍼블리싱학원 / 디자인 처음해본 사람의 찐수강후기2023-02-09대전웹퍼블리싱학원 최대한 솔직하게 많은 분들에게 도움이 되게끔 말씀드릴게요ㅎ 대전웹퍼블리싱학원알아볼때 까지만해도 저는 그림이라고는 디자인이라고는 전혀 상관 없는 일을 했던 20대후반... 하이의 일상블로그https://blog.naver.com/yyr1547/223010511942",,,,,,,,,,,,,,,,,,
-,프로그래밍언어,"1,480","2,290","3,770","210,890",55.939,높음 (15),"N코딩학원 주부가 배워본 프로그래밍 언어2023-03-03저는 우리 아이가 초등학교에서 배운다는 파이썬이라는 프로그래밍 언어부터 배워보게 되었는데요.... 프로그래밍 관련 전문 강사님이 계셔서 어떤 수업을 배우더라도 잘 배울 수 있을 것 같아요^^ - 본 포스팅은... 타밀's 추억창고https://blog.naver.com/cksdlf227/223033824038N프로그래밍 언어 종류 자격증 알아보자!2022-11-07로 잡았으며, 여러분들께 프로그래밍 언어 종류와 프로그래밍 자격증은 무엇이 있는지 하나씩... 사람의 언어로만 넣게 된다면 기계가 이해하기 힘들기 때문에 그것을 만들어내는 일이라고 보시면 됩니다.... 난 할 수 있다https://blog.naver.com/qislvie/222922446012N강남코딩학원 인기 프로그래밍 언어와 전망2023-02-05그래서 강남코딩학원을 통해 IT 관련분야가 아닌 비전공생들도 프로그래밍 입문으로 찾을 수 있는... C언어 강남코딩학원의 프로그래밍 언어순위 2위를 차지한 'C언어'는 시스템 기술용으로 쓰인다는 게... 황금빛 쭈롱월드https://blog.naver.com/parkrapp/223005883639N프로그래밍언어 개념 알아보기!2023-02-22그래서 오늘은 프로그래밍언어 개념 알아보기! 라는 주제로 찾아왔으며 무슨 방식으로 배워나가야지... 이런 것처럼 C언어를 기준으로 시간이 흐름에 따라 편리성을 추구하다 보니 점점 개발이 되어 이런... 묵묵https://blog.naver.com/thgml5797/223024139168N프로그래밍 언어 : 초보자가 공부하기 적합한 Language2023-03-08공부하는 프로그래밍 언어들입니다. 우선, C언어는 다른 프로그래밍 Python과 Java에 비하여 난이도가 더 어렵지만 자료구조(데이터를 구조적으로 표현하는 방식과 알고리즘을 의미하는 단어로 이걸 모르면 심화... 주들의 그리 대단하진 않지만 굉장한 이야기https://blog.naver.com/urmyver/223038724982N자바프로그래밍언어 공부방법2023-03-17가지 언어들을 배우고 있습니다. 그중에서 현재 전 세계에서 가장 많이 사용한다고 말씀드릴 수 있는 자바프로그래밍언어 공부방법으로 찾아왔습니다. 카카오톡 ▼ 1. 자바가 왜 많이 사용될까?... 프밍정복기님의블로그https://blog.naver.com/itleebyungchang/223047633014N컴퓨터 프로그래밍 언어, 파이썬 다운로드 및 설치 방법2022-07-26오늘은 이렇게 컴퓨터 프로그래밍 언어, 파이썬 다운로드 및 설치 방법에 대해 알아봤는데요. 다른 언어와는 다르게 설치 방법 또한 쉬운 것이 파이썬의 장점 중 하나입니다.WTsIThttps://blog.naver.com/workstirelessly/222830030376N컴공학원 : 프로그래밍 언어 교과목 전공대비 파이썬, C언어2023-03-13컴공과라고 했을 때, C언어는 보통 다 하는 과목이기 때문에 들어가기 전, 혹은 입학 후 따라가기 어려운 과목 혹은 이미 했었지만, 까먹었거나, 대비를 하고 싶은 과목들이 보통 프로그래밍 언어입니다. 보시면... IT분야 배움 전문 컨설팅https://blog.naver.com/hw_327/223042856827N파이썬 Python 설치하는 방법 | 프로그래밍 언어 파이썬이란?... 2023-02-27- 프로그래밍 언어 프로그래밍이란? - 말 그대로 프로그램을 만드는 것 너무 대답이 허무했나요?... (진행 계획이라는 의미) 다양한 프로그램 언어들이 많은데요.. 파이썬이 인기 있는 이유는? 1.... ▒ IT 정보 다나와 ▒https://blog.naver.com/eunran21/223029176428N프로그래머 국비지원 프로그래밍 언어 선택하기-  첫번째... 2023-02-20작은 프로그래밍 언어는 교육을 안 하게 되니깐요 * C언어, C++ 취업 국비교육은 거의 없음 Python 개발자... 나이: 최종학력: 전공: 자격증: 경력: 관심분야: 프로그래밍 실력 : 온라인으로 상담 후 확인해 보시길... 이루려거든 미루지말자 - 취업, 진학 멘토블로그https://blog.naver.com/mimitak/223021571936",,,,,,,,,,,,,,,,,,
-,데이터엔지니어링,130,190,320,"98,190",306.844,- (-),"N현대모비스 - 음성신호처리, 기아 -  경영,고객 데이터 엔지니어링2023-01-05기아 지원 직무 : Tech - 경영, 고객 데이터 엔지니어링 9/18 - 서류 마감 10/14 - 서류 결과 발표 10/17 - AI... 풀면서도 데이터처리 문제 위주였던 것 보면 직무 성향에 맞춰 문제가 주어지는 듯. 150분, 3문제가... 은동 study bloghttps://blog.naver.com/deluv98/222975696267N강의 1주차 학습일지/오티~데이터사이언스~엔지니어링/국비지원2023-03-13데이터 엔지니어링 -데이터 엔지니어링: 데이터를 수직 가공, 저장하는 모든 시스템을 구축/관리 하는 과정을 의미. 즉, 데이터베이스를 관리하는 일. *사이언티스가 엔지니어에게 데이터에 대한 정보를... 걷고, 보고, 느끼고, 사랑하라https://blog.naver.com/sanghee0307pp/223043098123N데이터 엔지니어링, 신입 업무의 난도와 필요 역량, 저는... 2022-10-01그래서 보편적으로 온프레미스 환경이 구축되어 있는 대기업들에서 데이터 엔지니어링 업무를 하게 될 경우 어느 정도 크기의 데이터를 다루는지, 얼마나 다양한 데이터를 다루는지, 입사할 경우 일의... 잇다 (itdaa) 공식 블로그https://blog.naver.com/itdaaworld/222888806640N데이터 엔지니어링이란2022-12-08빅 데이터 분석은 기존 분석 방법과 달라 데이터 엔지니어링과 데이터 사이언스로 전문화되었고, 이 두 업무는 협업을 하는 관계입니다. https://www.oreilly.com/radar/wp-content/uploads/sites/3/2019/06/Figure1... 재니로그https://blog.naver.com/jaeun1128/222949536626N[데이터엔지니어링의 일부분]... 예제로 배우는 데이터 공학2021-08-07이 책은 책 제목대로 실무를 위한 데이터 엔지니어링을 추구하고 있습니다. 하지만 이 책에서는... 때문에 이 책에서 배우는 엔지니어링 로직을 주로 익히고 데이터의 개념이 실제로 많이 봐왔던 상거래... 나는 부자가 될 것이다https://blog.naver.com/iwillbe_therich/222461188935N프로그래머스 데이터 엔지니어링 스터디 2주차 (클라우드... 2022-04-25com/66 ""실리콘밸리에서 날아온 데이터 엔지니어링 스타터 키트"" 수강생 슬랙 채널에서 몇 기전에 수강하신 분인데 현재는 쏘카 데이터엔지니어로 재직중이신 것 같다..! 근데 취준회고록이 넘... 티끌의 축적https://blog.naver.com/intouchables/222710972404N빅데이터 기술 기반의 디지털 엔지니어링 도입 및 기대효과2021-04-12추진방향 □ 디지털 엔지니어링 관련 빅데이터 플랫폼 구축 ㅇ 디지털 기반의 지능정보기술을 활용하여 기업의 생산성 및 효율성을 극대화할 수 있도록 디지털 비즈니스 환경 제공 ㅇ 엔지니어링 데이터... 여의도 방송음향 연구소https://blog.naver.com/jhongban/222307527891N코딩 부트캠프 데이터 사이언스 엔지니어링 과정 소개2022-12-28플레이데이터의 코딩 부트캠프 그중에서도 빅데이터 직무 트랙인 데이터 엔지니어링 트랙에 대해... 당연하지만 25년 차 데이터 비즈니스 전문 기업이 운영하는 만큼 플레이데이터의 엔지니어링 트랙... 가로등의 연구실https://blog.naver.com/iso08258/222968305128N[데이터 엔지니어링 스타터 키트] 2주차2022-08-02필요 데이터 엔지니어링 == 노가다? ETL의 기본은 외부의 데이터를 읽어오는 것 외부에 문제가 생긴다면 업무가 Block된다. 때문에 중요한 문제에 한해서", 실수를 막고자 Incident Report를... 기록과 성찰https://blog.naver.com/spdlqj4769/222837482767N데이터 엔지니어링 스터디 리더와의 슬랙콜2021-06-06https://programmers.co.kr/learn/courses/11710 6주간의 데이터 엔지니어링 스터디가 종료되고," 스터디 리더님과... 오버엔지니어링을 도입하는 사람은 힘들다. 1주일에 데드라인동안 문제없이 매니저의 요구사항을 맞추는... Keephttps://blog.naver.com/tbnsok40/222386956035""",,,,,,,,,,,,,,,,
-,인프라,"8,930","17,400","26,330","3,168,155",120.325,- (-),"N금융감독원 금감원 민원, DB금융 바이오인프라 전산장애... 2023-03-02금융감독원 금감원 민원, DB금융 바이오인프라 전산장애 보상신청 오늘 바이오인프라 상장일이었죠! 아이들 학교 개학 날이고, 어제 삼일절 이후 다시 일상으로 돌아가는 날이라 안그래도 정신이 없는데... 소소늘보 지식복리:)https://blog.naver.com/minyun0711/223032546532N용인 전원주택 라벨리움 대단지에 죽전역 인프라까지 편리2023-02-28다양한 인프라를 이용하실 수 있었어요 분당과도 가까워 생활하시도 편리하고 쾌적해 보였어요 도보 3분 거리에는 마을버스정류장이 있어 죽전역이나 보정역 방면으로 버스를 이용해 이동하기 좋았어요 주변... 더하우스https://blog.naver.com/sencem772/223030312509N2월 바이오인프라 공모주 청약(2월 20~21일)2023-02-19내일부터 CRO 전문기업 바이오인프라의 공모주 청약이 시작됩니다. CRO(Contract Research Organization)란?... 2007년 설립된 바이오인프라는 제1상 임상시험 위탁연구기관(CRO)으로 주 제품은 제네릭의약품... 재테크의 여왕 슈엔슈https://blog.naver.com/xuenxu/223020746254N3기 대장신도시 인프라에 대해 알아보자2023-03-17대장신도시 인프라에대해서 알아보려고합니다. 3기 신도시 부천대장지구의 경우 기존의 부천1기의 신도시와 인접한 지역으로 1기 신도시와 연결이되어 더큰 인프라와 신산업으로 인하여 생활환경은 물론... 울릉도 안군의 부동산이야기https://blog.naver.com/business_an/223046972628N바이오인프라 공모주 상장일 매도 후기 급등 후 급락 그리고 에러2023-03-02상장 전 상장일 전 체크사항 바이오인프라의 경우 최근 좋았던 공모주 분위기를 타고 마찬가지로 좋은... 일단 바이오인프라 판정승입니다. 공모가 2배에 매수잔량 2천만주를 형성한 반면, 삼성스팩8호는... 한가한 오후는 녹차와 함께https://blog.naver.com/kastro83/223032224088N바이오인프라 상장 따상 갈까 DB금융투자 매도 준비하기2023-03-02바이오인프라의 상장일이 다가왔다 3월 2일 바이오인프라 상장 나는 균등으로 청약을 진행했고 1주를 배정받았다. 어떻게 매도할 것인가 미리 예습(?) 하기 위해 정리해두는 포스팅 누군가에게 도움이 되면... 알뜰살뜰 우리집 Plan 이야기https://blog.naver.com/meyou27/223031270837N바이오인프라 공모주 수요예측 결과 청약2023-02-18#바이오인프라 #바이오인프라공모주 #바이오인프라수요예측 #바이오인프라청약일정 CRO Contract Research Organization의 약자, 의약품을 개발하는 제약사나 의료기기 제조업체, 건강기능식품 개발사 또는... 예강파파의 일상https://blog.naver.com/superbkwon/223020019258N바이오인프라 공모주 청약해 볼까2023-02-21인프라, 삼성스팩8호 공모주 청약이 마감된다. 환불일도 동일해 어느 곳에 균등과 비례를 넣어야 할지 예산 계획 후에 세 가지 종목 모두 청약해 볼까 한다. 나노팀 다음으로 기대되는 바이오인프라에... 블룸앤아이유의 미니멀한 재테크https://blog.naver.com/ishiseido77/223022413259N맥쿼리인프라 1만주 2022 하반기 배당금2023-02-24배당이란것에 매료되어 시작한 주식투자, 그것도 맥쿼리인프라가 정말 꾸준하게 2월이 되면... 맥쿼리인프라 3만6천500주를 보유하면, 매일매일 지갑에 8만원이란 금액이 리필된다는 생각으로 투자를 하고... 꿀 벌 투 자 증 권 - HONEY BEE STOCKhttps://blog.naver.com/inue961237/223026649023NSOL 미국배당다우존스 리츠부동산인프라 ETF 매수  2023년... 2023-03-18연금저축펀드 월배당 SOL 미국배당다우존스 리츠부동산인프라 ETF 매수 현황 3월 11주차 이번주는... xls [ Tiger 리츠부동산인프라 잔고 현황 ] 리츠부동산인프라는 예상보다 주가가 많이 하락하지... 닷넷 프로그램 개발 과 경제적 자유 준비하기https://blog.naver.com/arirang100/223048171841",,,,,,,,,,,,,,,,,,
-,블록체인,"7,620","14,700","22,320","787,619",35.288,- (-),"N부정투표 원천 봉쇄할 블록체인 시스템2023-03-08美정부 문의, 尹 앞에서도 시연 … 부정투표 원천 봉쇄할 블록체인 시스템 세계로 뛰는 스타트업⑦... 창업한 블록체인 스타트업으로, 블록체인을 이용한 온라인 투표 시스템 ‘지케이보팅’과 디지털자산... 정종순 블로그https://blog.naver.com/ponciano/223038230510N[블록체인] 국민(The People)이라는 어원을 가진 앱토스... 2023-01-29나누면 블록체인 자체의 프로토콜을 수정하거나 샤드와 같은 방법으로 분산시켜 극복하는 방법과 오프체인 아키텍쳐로 트랜잭션을 분리하는 방법이다. 전자를 L1(레이어1), 후자를 L2(레이어2)... 메타버스 크리에이터를 위한 안내서https://blog.naver.com/haninice/222998291144N비트코인 시세 전망 반감기 블록체인 레퍼럴 코드 추천인... 2023-02-14구성하는 블록 체인 기술이 미래에 필수적인 활용성을 가질 것이라고 보기 때문일 것입니다. 당장... 비트코인은 10분에 하나 정도 블록이 생성되고 이를 채굴한 사람에게 보상이 주어지는 시스템입니다. 그러나... 이시스의 햇살 좋은 오후https://blog.naver.com/ajjuguru/223013904130N[표영호tv_미래먹거리] 블록체인,NFT,조각투자,가상세계 (1편)2022-12-23미래먹거리 블루오션이라 불리는 대체불가능 토큰 (Non-fungible token, NFT) 이란것은 블록체인 기술을... 가상부동산의 소유권은 블록체인이라는 등기소에서 발행되어 NFT가 등기부등본""으로 생각하시면 됩니다.... 표영호 tv 경제적 자유와 행복을 위하여https://blog.naver.com/goodmic01/222963659956N더그래프(GRT)코인 인공지능 AI 블록체인 검색 서비스2023-03-13없이 블록체인 데이터를 수집할 수 있는 탈중앙화 플랫폼입니다. 기존의 데이터 인덱싱은 중앙화... 시작은 이더리움 체인 위주로 지원하기 시작하여 현재 NEAR 및 아비트럼", 셀로, 아발란체 등 다양한... 메이킹 블록체인https://blog.naver.com/happypcb/223042662829N톡큰(Talken) MATIC 및 KLAY 에어드랍_안랩 블록체인... 2023-03-16안랩 블록체인 컴퍼니의 ABC지갑 이벤트를 확인하고 참가하였는데 이 과정에서 신규유저 대상... 안랩블록체인컴퍼니와 파트너십을 기념하여 몇 가지 퀘스트를 준비하였고 보상으로는 $20,000 상당의... 여니의 인생살이_여니테크https://blog.naver.com/jeehee7877/223046679855N블록체인 가능성에 주목해야 하는 이유2022-06-18사실인데, 블록체인이나 가상화폐, 코인 등의 개념도 자주 등장하는 요즘이에요. 해당 용어에 대해서는... 쉽게 접근하자면 P2P 네트워크의 일종으로 볼 수 있는데, 데이터를 담은 블록을 형성하고," 이를 체인... 질박한 이야기https://blog.naver.com/web24/222778137319NNFT 블록체인 특허 성공하는 포인트는 바로 이 것2023-01-30NFT 블록체인 특허 성공하는 포인트는 바로 이 것 ▼상담신청 및 무료상담 출장 안내 바로가기 클릭!▼ NFT 블록체인 특허 오래 걸리는 이유 특허권을 취득하려면 보통 1년 6개월 정도 걸립니다. 특허를 신청하려면... 여러분의 명성특허사무소 1600-9439 무료상담https://blog.naver.com/djryu93/222998762443N2022년 블록체인 누리단 1차 체험 후기2022-11-022022년 블록체인 누리단 발대식 이후 한동안 조용 했네요. 발대식 후 선호하는 분야를 선택하였습니다.... 공공 분야 중 근로계약서를 블록체인을 활용해서 진행하는 부분에 관심이 많았습니다. 그 부분을 1차... 타락천사의 블로그https://blog.naver.com/rusiper1000/222915936259N미나코인 시세 호재와 초경량 블록체인 전망 살펴보니2023-03-07이 디지털 자산은 간결한 암호화 방식으로 블록체인 크기를 줄인 혁신을 구현한 플랫폼이에요. 세계에서 가장 가벼운 Blockchain으로 제로 지식 증명을 사용하여 웹3의 필요한 프라이버시와 보안 레이어를... 미국주식 & 잡동사니 공간https://blog.naver.com/howgkdn/223037796648""",,,,,,,,,,,
-,디자인,"10,500","16,300","26,800","34,880,249",1301.502,- (-),"N인천예물 새삥디자인2023-03-02또한 이곳은 자체적으로 만든 디자인으로 독특한 디자인이 많았고 자체 공방을 갖추고 있기 때문에 매우 착한 조건이고 AS도 경제적인 부담 없이 가능하다고 했어요 특히 다이아몬드까지도 직접 가져오고 있는... 공간https://blog.naver.com/rhdfyd1248/223032524866N홍대웹디자인학원 아트윅,웹페이지 준비 과정2023-02-28현실적인 문제 앞에서 제가 선택했던 것은 홍대웹디자인학원이었습니다. 새롭게 도전하는 기회였지만... 그리고 홍대웹디자인학원에서 멘토링 시스템으로 담당 선생님도 일대일로 매칭시켜주기 때문에... 눈 내 위 의 뚝 딱 공 작 소https://blog.naver.com/ddaemine/223030404480N웹디자인학원 실무능력 향상 이끌었던 학습루틴2023-03-15웹디자인학원 실무능력 향상 이끌었던 학습루틴 내용:웹디자인학원 교육과정을 9개월 간 들으며 실무능력을 향상시켰던 저만의 루틴 덕분에 웹디자인기능사라는 취업 자격까지 취득했죠! 웹디자이너 실무자... 슈퍼더블디https://blog.naver.com/hyunju7647/223045342266N로고디자인 합리적으로 킹콩에서 제작!2023-03-08최근에는 로고디자인을 활용한 마케팅들이 소비자들이 브랜드를 선택하는 것에 있어서 중요하게... 대부분 사업을 시작하기 이전에 앞서서 브랜드나 사업체가 가질 로고디자인을 탐색하고 구성하는 것부터... 길을 찾는 즐거움_거칠부https://blog.naver.com/sangil00/223038704066N웹디자인학원 기초부터 취업까지 확실하게!2023-02-06ㅎㅎㅎㅎㅎ 디자인 분야에 관심이 있기는 했지만, 따로 대학에서 전공을 한 것도 아니고 그간 학교 등에서 전문적으로 배워본 적이 없었던 저로써는 크나큰 성과가 아닐까 생각이 드는데요! 최근 웹디자인학원... Innocent Promisehttps://blog.naver.com/182544/223007017628N강남역컴퓨터학원 웹디자인 실무적인 교육과정2023-03-16최근 디자인툴을 사용하는 직업을 가진 친구들이 주변에서 늘어나면서부터 자연스럽게 저도 관심을 가지게 되더라고요. 혼자 배워보려고 여기저기 알아보다가 편집디자인 공부하기 좋은 강남역컴퓨터학원을... 우리의 소소한 일상https://blog.naver.com/rhkdgus772/223046616101N웹디자인학원 취업 대비, 자격증 취득과정!2023-03-03현재 저는 웹디자인학원을 다니면서 취직을 위한 준비과정을 거치고 있는 수강생입니다. 저는 그동안 대학 과정도 그렇고 웹디자인 쪽으로는 한 번도 공부해 본 적이 없는 사람이었습니다. 하지만 이곳을... aeng’shttps://blog.naver.com/aengpark/223033937493N패션디자인학원 취업 맞춤 교육과정!2023-03-07패션디자인학원을 알아보는 분들에게 특히 도움되는 내용이 될 테니 참고해 보시면 좋을 것 같아요.... 그래서 더더욱 역량, 스펙 강화가 필요하다고 생각됐고 패션디자인학원을 알아보게 됐어요. 저는 되도록... .https://blog.naver.com/tnqls3019/223037886526N국비지원웹디자인학원 자격증 취득과 취업 준비!2023-03-16이력에 도움이 될 만한 자격증을 찾다가 평소에 관심이 있었던 국비지원웹디자인학원을 다니게... 국비지원웹디자인학원에서 상담을 받으면서 가장 먼저 했던 것은 국민내일배움이란 카드를 발급받았습니다.... NOTEBOOKhttps://blog.naver.com/snowminhye/223045287435N웹디자인학원 교육 받아서 기획자로 성장2023-03-17저는 지금 웹디자인학원에서 구직을 준비하기 위해 공부를 하고 있습니다. 대학교에서 수업을 전공해... 저는 웹디자인학원을 다니면서 색다른 경험을 쌓을 수 있었습니다. 덕분에 자신감도 배울 수 있었고... 황금빛 쭈롱월드https://blog.naver.com/parkrapp/223047032169",,,,,,,,,,,,,,,,,,
-,코딩테스트,"1,710","1,560","3,270","155,430",47.532,높음 (15),"N자바 코테 준비는 프로그래머스 코딩 테스트 문제 풀이 전략으로!2023-03-08그중 '코딩전문역량인증시험(PCCP, Programmers Certified Coding Professional)'의 모의고사 2회분과 문제풀이를 이 책의 14장에 수록했다고 해요. 사실 13장의 카카오 2022 블라인드 테스트도 그렇고 실제 코딩 테스트에... 히홍홍ꉂꉂ(ᵔᗜᵔ*) 게임블로그https://blog.naver.com/masejin/223038258649N파이썬 코딩테스트 준비 추천도서!2023-03-07저는 개발이 전공이 아니라 당장 코딩 테스트를 볼 이유는 없는데, AI가 시대의 흐름을 주도하면서 코딩은 어찌 보면 모두에게 필요한 필수 요소가 되는 듯해요. 실제 테스트를 볼 일이 없더라도 개인의... 할로대디의 육아 퀄리티UPhttps://blog.naver.com/halodaddy/223037674160N프로그래머스 코딩 테스트 문제풀이 전략: 파이썬 편2023-03-03도전: 카카오 2022년 블라인드 테스트 p593 14장. 코딩 전문 역량 인증 시험, PCCP모의고사 p651 코딩 테스트를 보는 이유 1. 문제 해결 과정을 보는 것 2. 모든 것의 기초, 생각하는 실력을 다지는 것 3. 똑같은... find블루드림https://blog.naver.com/findbluedream/223033361906N코딩테스트 파이썬 공부 사이트 추천  IT 대기업 합격 꿀팁2022-02-06-코딩샐러드의 공부법 결과- 공부기간 : 6개월 진행 시험 : 대기업 IT 계열사 코딩 테스트 최종 결과... 이를 위해 알고리즘 이론을 공부하며 테스트를 준비했는데 이러한 과정이 합격에 큰 도움이... 코딩샐러드https://blog.naver.com/kut_da_92/222639956316N베타 리더로 참여한 프로그래머스 코딩 테스트 문제 풀이 전략... 2023-02-27뿐만 아니라 카카오 블라인드 테스트 및 프로그래미서 PCCP 모의고사 문제 풀이를 통하여, 더욱 실질적이면서도 최신 트렌드가 적용된 코딩 테스트 문제들을 풀어보면서 감을 잡기 좋을 것입니다. 코딩 테스트의... Clarke Squarehttps://blog.naver.com/clarkesquare/223029610738N코딩테스트 : 가장 효율적인 준비 방법2022-03-23#난이도 코딩테스트와 코딩 자체에 대한 난이도는 사람마다 체감하는 정도가 달라지지만 프로그래밍 언어를 기준으로 보았을 땐 Python이 가장 쉬운 편이고 학습에 대한 자료가 많다 보니 코딩에 대한 학습... 주들의 그리 대단하진 않지만 굉장한 이야기https://blog.naver.com/urmyver/222680823700N[이것이 코딩 테스트다 with Python] 12강 그리디 알고리즘... 2023-03-13출처 : 이것이 코딩테스트다 12강 영상 이와 같이 이동하는 경우가 최대. 단순히 아래의 경우처럼... 출처 : 이것이 코딩테스트다 12강 영상 즉, 일반적인 상황에서 그리디 알고리즘은 최적의 해를 보장할... 노란오리의 하루 기록https://blog.naver.com/cleveryellowduck/223043271415N코딩테스트 효율적으로 준비하기!2022-04-26블라인드채용에는 코딩테스트가 필수로 자리잡고 있는데요. 코딩테스트는 알고리즘의 설계능력을... 코딩 능력만으로 기업에 입사할 수 있는 테스트이기 때문에 기왕이면 한번에 준비하여 합격을 하는게... Oneloghttps://blog.naver.com/sow723/222712182161N코딩테스트 준비 : 이렇게 3개만 잘하면 돼요 / 소마로 경력직... 2022-05-27구현 테스트를 의미합니다 ! 과거에는 주로 코딩에 진심인 인력을 채용하는 과정에서만 코딩테스트를 진행했다면 최근에는 부트 캠프에 대한 교육생을 선발하는 과정, 코딩과 거리감이 있어 보이는 직무를... SW마에스트로 공식 블로그https://blog.naver.com/sw_maestro/222749006921N코딩테스트 확실한 대비책2022-11-08특히 코딩테스트를 준비하고 있는 사람들이 상당히 많이 늘어나고 있다고 하는데요. 개발과 관련한... 이곳 알고리즘잡스에서는 주요 기업들의 테스트를 준비하고 있는 분들을 대상으로 몰입캠프를 실시하고... FLIP'S andhttps://blog.naver.com/flipsand/222923429674",,,,,,,,,,,,,,,,,,
-,IT창업,80,140,220,"248,934",1131.518,- (-),"E사우디아라비아 IT 창업벤처 전시회 ‘BIBAN 2023’ 참여2023-03-10스마트 주차 솔루션 운영사 ‘베스텔라랩’, 사우디아라비아 IT 창업벤처 전시회 ‘BIBAN 2023’... 한편 베스텔라랩은 중소벤처기업부가 설립하고 경기창조경제혁신센터와 창업진흥원이 운영하는... beSUCCESS - Korea's Leading Tech and Startup Media Platformhttps://besuccess.com/%EC%8A%A4%EB%A7%88%ED%8A%B8-%EC%A3%BC%EC%B0%A8-%EC%86%94%EB%A3%A8%EC%85%98-%EC%9A%B4%EC%98%81%EC%82%AC-%EB%B2%A0%EC%8A%A4%ED%85%94%EB%9D%BC%EB%9E%A9-%EC%82%AC%EC%9A%B0%EB%94%94%EC%95%84%EB%9D%BC/T생각도 못한 IT 창업 스타일 드라마 - <스타트업> 보편적인... 2021-06-14스타트업이라 함은 기술력이 있는 IT 창업 회사를 말하는 경우가 대부분이다. 정확한 어원은 모르겠으나... 개발 기술력은 있지만 자본금이 없어 회사 창업을 못하고 있었다. 그러던 중 닉이 근무하는 은행에... 부지런히 책 읽기 :: 부지런히 책 읽기https://aboutmi.tistory.com/521NIT 창업, 실패확률 줄이는 방법2022-12-14IT 창업이란? IT창업은 저자본으로 가능. IT 창업은 저자본으로 누구나 가능하다. 특히, 초기에는 슈퍼... 시행착오를 줄이는 창업가의 자질? 결국 빠르게 많이 시도하고 '시장으로부터' 잘 배우는것이 핵심... 시벗https://blog.naver.com/seebut3/222955086747NIT 창업에 반드시 필요한 준비 과정 : SW마에스트로 고도화 과정2022-11-14성과 창출이 기대되는 혁신 프로젝트 및 예비 창업팀 발굴, 지속적인 성장, 발전 지원 연수 기간 동안... 등으로 창업 성공 가능성 확대 3가지의 목표를 보면 감이 오시죠? 맞아요. 창업, 그 이후. 소마가... SW마에스트로 공식 블로그https://blog.naver.com/sw_maestro/222928501664NIT 플랫폼 창업을 꿈꾸는 예비 창업가분들에게 가장 해주고... 2022-11-24오늘 여러분들께 말씀드리고 싶은 포스팅 내용은 바로 IT 플랫폼 창업을 꿈꾸는 분들에게 IT 창업 상담을 해드리면서 느꼈던 부분들에 대해서입니다. 플랫폼 사업이 활성화되고 수많은 대기업들이 뛰어들어 많은... 윤파고의 IT 이야기 & 공부기록https://blog.naver.com/yoonpago93/222935406202N앱개발 IT 창업을 생각한다면? 어떻게 준비해야할까?2022-09-27안녕하세요 여러분 IT창업이라는 말을 들어보셨나요? IT 분야가 우리의 생활 속으로 들어오고 많은... 많은 사람들이 스마트폰의 앱을 사용하고 있으며 수익형 앱이 소자본창업의 빛으로 떠올라 앱을 통한... OnePasshttps://blog.naver.com/eduonepass/222885761006N창업 면접 연세대학교 심리학과 박예슬 물 송도 IT 창업2022-03-31창업 면접 연세대학교 심리학과 박예슬 물 송도 IT 창업 취업 준비생들 사이에서 유행하는 약자입니다.... 이 공학계에 편향돼 IT를 창업으로 생각하는 현상은 인문계 학생들이 창업이 불가능하다는 것을 모르는... ~~폭식해도돼지~~https://blog.naver.com/alongside4128/222688043083N다산 한강 DIMC 테라타워 지식산업센터 IT창업 철수의 선택2022-06-06올해 38세의 IT업계 창업을 꿈꾸는 철수는 올해 창업을 하려고 합니다. 다산 한강 DIMC 테라타워 지식산업센터에서 작은 사무실을 임차해서 본인이 하고 싶은 IT 업계 일을 하고자 합니다. 들어가시기 전에... 철인부동산 031 564 3300https://blog.naver.com/jis12/222761417277N신촌연합IT창업동아리 CEOS IR DAY 기록2022-01-12창업가, 개발자, 기획자, PM, 디자이너 등 CEOS 선배 혹은 고문과의 의미 있었던 대화 내용 기록. 1. 창업 아이템 확신 어떻게 얻게 되었는지 - > 해결하고 싶은 문제가 있었고, 유료화했을 때 고객이 확보되었을 때... To Record To Rememberhttps://blog.naver.com/2449052/222620160488N2022년 경기 창업허브 IT기술을 활용한 탄소중립 실천 교육... 2022-09-202022년 경기 창업허브 IT기술을 활용한 탄소중립 실천 교육 안내 경기도경제과학진흥원에서 탄소중립 실현을 위한 기술 학습 및 IT기술을 활용한 탄소중립 달성 및 탄소중립 관련 창업 활성화에 기여하기... 병역특례업체 신청 전문 컨설팅 - 컨설턴트 데이비드https://blog.naver.com/realtek123/222879996818",,,,,,,,,,,,,,,,,,
-,CS,"11,600","32,000","43,600","802,463",18.405,높음 (15),"NCS교육자격증 강사의 중요한 역할2023-03-07받아 CS교육을 듣고 고객을 대한 기본적인 태도 및 만족도를 줄 수 있는 개선점을 찾아보라고 하더군요. 그렇게 인터넷을 검색하다가 찾은 것은 CS강사 자격증이었는데 제가 하는 업무에 보탬이 되는 부분이 많은... 소소한 일상 이야기https://blog.naver.com/brickisland/223036734445N천안 가성비 신상 숙소 CS프라자호텔 숙박 후기2023-02-22천안 가성비 신상 숙소 CS프라자호텔 숙박 후기 알려드릴게요. 비즈니스 호텔 답게 깔끔하고 시설도 꽤... 주변에 숙박업소들이 모여 있는데 그 중 가성비 신상 숙소 고르고 골라 CS프라자호텔 숙박 한 후기... 재교이의 여행,나들이https://blog.naver.com/realjaekyo/223024654300NCS강사 자격증 공부 방법 분석2023-02-23오늘은 CS강사 자격증에 관련된 이야기를 해볼까 해요 그 전에 간략하게 저의 소개를 하자면 인문대를... CS강사 자격증을 획득하게 된다면 어떤 직업을 갖게 되는지 궁금하실 텐데요. 우선 하는 업무의 정확한... 문곰의 다이내믹 카라이프https://blog.naver.com/andy0617/223024719183NCS강사 자격증 체계적인 학습 방법2023-03-06아무래도 제 직무 분야와 관련한 스펙을 키워나가는게 우선이라 CS강사 자격증에 관심이 생겼는데... 특히 직장에 근무하면서 강의를 할 수 있는 기회가 생겼을때에 정작 CS강사 자격증이 없다면 섭외 요청이... 제이드래곤, 어썸리더스쿨https://blog.naver.com/coach_kwon/223036700080NCS강사자격증 확실한 학습 전략2023-01-04저는 더 나은 장래를 위해 CS강사자격증을 취득했답니다. 보통 이 라이선스라고 하면 강연을 하는... 이제 CS강사자격증 시험에 대해 정확한 설명을 드리도록 할게요. 서비스 직종에서 고객을 위한 알맞은 기술을... 늦깎이 엄마와 제제의 일상 이야기https://blog.naver.com/orangeclay/222974022780N일단 안도의 한숨을 쉰 크레디트스위스(CS), 그리고 잊혀진(?)... 2023-03-16어제 저녁부터 전 세계 증시를 덜컹하게 했던 크레디트스위스(CS) 파산설은 해당국의 금융당국인... 어제 CS의 위기설을 뻥튀기한 뉴스는 다음 2개 였다고 보입니다. 하나는 CS 고위임원의 사퇴설"" 가뜩이나... 시장은 항상 옳더라https://blog.naver.com/gupsin/223046336844N범계미용실 추천예솜헤어 CS컬펌 하오니코 클리닉2023-03-16많이 부스스했는데 예솜헤어 정성희 점장님의 도움으로 CS컬펌과 하오니코 클리닉하고 이뻐져왔어요.... 머리 진짜 이쁘게 CS컬펌을 해주었어요. 처음에 펌하고 싶다고 했을땐 머리결 손상상태 때문에 C컬펌으로... 붉은 소국https://blog.naver.com/yunsunga07/223046549033NCS 파산 논란 (크레디트 스위스 은행 발 금융위기) Ft. 제2 리먼2023-03-17CS라 불리는 크레디트 스위스 투자은행(IB)은 1856년 스위스에서 설립된 유서깊은 은행입니다. 유서만... 만약 CS 파산이 현실화 되면 말 그대로 전세계 금융위기로 이어질 가능성이 높습니다. 이건 찐입니다.... 은퇴연구소https://blog.naver.com/meaning87/223047033452N크레디트 스위스(CS) 파산 위기"," 리먼브러더스 사태2023-03-17크레디트 스위스 (CS) 파산 위기! 출처 : 어피티 ❗️ 스위스의 유명 투자 은행(이하 CS)인 크레디트 스위스가 파산 위기에 몰렸다고 합니다. 아무래도 이번 SVB의 파산에 영향이 적진 않은 것 같습니다. CS는... 쪼렙 사장의 사업 기록과 일상https://blog.naver.com/lfjtop_ljy/223047069536NCS강사 자격증 탄탄한 공부 방법2023-02-23지난달에 CS강사 자격증을 드디어 발급받았는데요. 제가 이 라이센스에 주의를 기울이게 된 이유를 말해드릴게요. 학교 방학 때 은행 채권 관련 CS 부서에서 일을 한 적이 있는데요. 금융학과에 진학하고 있어서... 레몬맘의 똑똑 육아일기https://blog.naver.com/prayerjudy11/223024465875""",,,,,,,,,,,,,,,,,
-,클라우드,"29,900","57,500","87,400","1,539,934",17.619,높음 (15),"N템퍼클라우드베개 좋다고 했는데ㅠㅠ(굿템발견)2023-02-28#템퍼클라우드베개 제가 요즘 잠자리도 영 불편하고 꿈도 안 좋은 꿈만 꾸다 보니 항상 피곤하고 아침에 일어나면 몸이 무거워 힘들었어요ㅠㅠ 그러다가 템퍼클라우드베개를 사용해 보라는 친구의 말에 혹해... 보라보라해https://blog.naver.com/behysh486/223030480985N63빌딩 워킹온더클라우드 주말 런치샐러드바2023-03-1263빌딩 59층 분위기 좋은 가든 레스토랑 워킹온더클라우드 Walking On The Cloud #워킹온더클라우드 #모임장소 #샐러드바 #런치뷔페 63빌딩 워킹온더클라우드에서 가족모임이 있었어서 다녀왔다. 별 생각 없이 주차장... 아이엠그라운드https://blog.naver.com/bhnx52/223042232766N지누스 클라우드 럭스 라인 압축매트리스 꿀잠예약2023-02-22지누스 클라우드 럭스 라인 압축매트리스 꿀잠예약 2023년 새봄맞이로 안방 침실에 지누스... 지누스 클라우드 럭스 스프링 매트리스 상자를 개봉하고 비닐 포장을 제거하니 금세 부푸네요. 매트리스가 완전히... ♡ Lovely Kim Tae Eun's Travelhttps://blog.naver.com/govira/223018242060N경기광주 전원주택 일층에 안방이 있는 2층 구조 퇴촌 더클라우드2023-03-15더클라우드는 한적한 전원생활을 누린다는 강점을 가진 퇴촌 관음리에 속해 지역 특유의 여유로움을... 다음으로 더클라우드가 위치한 퇴촌면이 기대되는 이유를 살펴보자면 양평을 시작으로 송파구를 연결해... 세움주택https://blog.naver.com/tempiiiii/223044563215N제주 애월 독채 숙소 감성 펜션 클라우드애월 자쿠지까지2023-01-18묵은 클라우드 애월은 이름처럼 애월에 위치 했습니다 해안도로가 근처라서 제주 풍경 감상하기 최고인... 편합니다 클라우드 애월은 곳곳에서 좋은 향기가 풍겨 왔습니다 퍼지는 디퓨져 향으로 은은하고... j;NI DAILYhttps://blog.naver.com/newjin14/222987920689N아이클라우드 가격과 2TB, 200GB iCloud 저장 공간 가입... 2023-02-18아이폰과 아이패드, 맥북까지 여러 가지 애플의 스마트 디바이스를 원활하게 사용하기 위해서 아이클라우드를 구독하고 있습니다. 벌써 오래전부터 애플은 자사의 클라우드 서비스를 통해 기기의 백업과... 모이모이의 IT 이야기https://blog.naver.com/moimoi1357/223019894988N아이티센(207760): 금(Gold)에 이어 AI, 클라우드 사업까지... 2023-03-18통해 클라우드 사업 가속화 공공, 민간 SI사업 등 누적된 IT 기술 노하우를 통해 클라우드 사업 가속화 및 실적 성장 기대감 점증 LG히다찌, 클로잇 인수 등 클라우드 역량 강화 및 기존 공공사업... 꿈이 있는 자유https://blog.naver.com/cinews/223048540062N클라우드 국비지원 지금이 기회!2023-02-21클라우드 컴퓨팅이란 인터넷 기반의 컴퓨팅으로 인터넷상의 가상화된 서버에 프로그램을 두고 필요할... 클라우드는 서버를 직접 구매할 때 고려해야 할 전력이나 위치, 추가 확장성 등을 고민하지 않아도... 연안부두 블로그 입니다.https://blog.naver.com/kkky1015/223022777102N생일맛집/워킹 온 더 클라우드 아이리스vs시즈널 스페셜... 2023-03-10뷰가 좋았으면 좋겠다는 생각에 높은 곳이고 통창인 곳을 찾아보니 #워킹온더클라우드 발견 일몰을... 63빌딩 건물, 59층에 위치한 워킹 온 더 클라우드 59층 엘레베이터에서 내리면 사이버틱한 공간 ㅎ 여기는... WBSBhttps://blog.naver.com/blondetoast/223040615191N완도 제주도 배편 후기 : 실버클라우드 예약 차량선적 비용2023-03-07완도 제주도 배편 후기 실버클라우드 예약 차량선적 비용 글/사진 락주 제주도를 갈때 비행기를 타는... 완도 제주도 배편 예약 완도에서 제주도를 왕복하는 선박인 실버클라우드는 하루에 총 2회 운항을 한다.... 락주의 개발새발설레발https://blog.naver.com/rockbeertravel/223005237944",,,,,,,,,,,,,,,,,,
-,데브옵스,860,"1,120","1,980","7,109",3.59,높음 (15),"N[플레이데이터 취업 후기] 데브옵스 엔지니어, 진작에 도전할... 2023-02-07렌딧(LENDIT)에서 데브옵스 엔지니어로 근무 중인 김종진입니다! 저는 2022년 8월에 클라우드 부트캠프를... 데브옵스 엔지니어가 하는 일은 서버가 운영되면서 갑자기 접속이 안되거나, 속도가 느려지는 장애... 플레이데이터 : PLAYDATAhttps://blog.naver.com/encore_playdata/223008313722N플래티어 주가 예상 상승 카카오 마테크 데브옵스2023-02-25뿐만 아니라 데브옵스라고 협업 플랫폼 솔루션도 제공을 하는데, 카카오부터 삼성전자 엘지 두산 한화 sk 엘지 무신사등등 다양한 대기업들에 제공하고 있어요. 그래서 매출이 오를 수 밖에 없겠죠. 지난대... 해외정식 캐쉬트리https://blog.naver.com/xx33333333/223027633698N데브옵스 개발자와 사이트 신뢰성 엔지니어의 경력 개발 계획... 2023-03-13제품 관리, 데브섹옵스, 데이터 책이마를 위한 경력 체크리스트를 참고하라. 여러 데브옵스 전문가가 경력 목표를 개발하려는 개발자와 사이트 신뢰성 엔지니어를 위한 조언을 남겼다. 평생 학습을 위해... 삼성컴퓨터전산회계학원^_^https://blog.naver.com/minchaeryn/223043527742N데브옵스란(DevOps)? 기술 역량과 취업까지2022-02-03데브옵스란(DevOps)? 기술 역량과 취업까지 데브옵스란(DevOps)? 초기 스타트업부터 100년 된 기업, 대기업을 비롯한 다양한 형태의 IT기업에서 DevOps를 채택하고 있죠, 데브옵스라는 용어에 대한 정의는... 비비디 바비디 부https://blog.naver.com/ridesafe/222638130856N[천재교육] 9주차, 데브옵스, 리눅스2023-02-28이번주는 데브옵스라는데, 첫 수업이 리눅스 깔아보고 실행하는 것이었다. 일단 리눅스를 우분투로 실행하여 GUI 기반에서만 실습하였다. 강사님 말씀하시길, 리눅스를 쓰는 가장 큰 이유는 두... 이쑈영https://blog.naver.com/soysyoung/223029357542N'데이터옵스(DataOps)'vs '데브옵스(DevOps)'2022-09-23데이터옵스(DataOps) vs 데브옵스(DevOps) 사실 데이터옵스는 데브옵스와 관련이 있는 개념으로 볼 수 있습니다. 데이터옵스가 데브옵스보다 넓은 개념인데요. 데브옵스에서 얻은 결과를 데이터 관리와 분석에... 윤컴즈 블로그https://blog.naver.com/yooncoms/222882420562N데브옵스(DevOps) 취업 : 개요와 필요 역량2022-01-14#데브옵스(DevOps) 개요 데브옵스(DevOps), 애플리케이션 개발의 품질 및 속도를 개선하고, 신규 혹은 수정된 소프트웨어 기능이나 제품의 릴리즈 주기 단축을 장려하는 새로운 철학이자 프레임워크입니다.... 주들의 그리 대단하진 않지만 굉장한 이야기https://blog.naver.com/urmyver/222621535942N소프트웨어 개발편, IT분야 DevOps(데브옵스) 취업과 역량!2022-09-06DevOps(데브옵스)에 대해 알아보려고 합니다. 초기 스타트업부터 100년된 기업, 대기업을 비롯한 다양한... 인천 IT 국비지원 연희직업전문학교에서 상세히 알아볼께요 :) DevOps(데브옵스)란? 소프트웨어 개발... 연희직업전문학교 인천 IT 국비지원 우수훈련기관https://blog.naver.com/yh_001/222868476799N데브옵스 - 뜻부터 조건, AWS와 연관성?2023-03-15AI 옵스라고 들어보셨나요? AI와 운영을 하나의 프로세스로 묶어 실행하여 효과적으로 개발 환경을 만들어 내는 것을 의미합니다. 그렇다면 데브옵스 또한 무언가의 합성어 일 텐데 어떤 것들의 합성어인... 고구마호박https://blog.naver.com/dudududu8472/223044977010N신생 직업 33개 탄생! 라이브커머스PD, 데브옵스엔지니어 등2022-07-28- #데브옵스엔지니어 (DevOps engineer) 데브옵스는 개발(Develoment)과 운영(Operation) 합성어로 소프트웨어의 신속한 개발, 통합, 자동화 등의 필요성에 따라 발생한 융복합 직업으로 이들은 서비스 제공과 유지에... 세우는 자 이야기https://blog.naver.com/dureyts/222832412199",,,,,,,,,,,,,,,,,,
-,마케팅,"21,400","27,500","48,900","6,790,300",138.861,- (-),"N마케팅관련자격증 알찬정보 및 학습 방법2023-03-11순간 마케팅 쪽으로 인사 발령이 날 수도 있다는 청천벽력 같은 얘길 들었네요. 그만큼 그쪽에 인력이 부족한 듯해 보였어요. 혹시라도 모를 사태를 대비해 차근차근 준비해 놓고자 마케팅관련자격증부터 먼저... 생명의 말씀 안에서 평안https://blog.naver.com/lovesme/223041557360N광고 마케팅 투명하게 진행하는 곳2023-03-13광고 마케팅이 가능하냐고 여쭤보셨어요. 처음에는 이게 무슨 소린지 이해가 가지 않았는데요. 알고 보니까 옆에 미용실이 이렇게 광고 마케팅을 하고 요즘에 손님이 끊이질 않는다네요. 요즘 세탁소에는 손님이... 꿈과책과힘과벽https://blog.naver.com/milk0977/223043248836N광고 마케팅 신뢰를 중요시하는 업체2023-03-07이제부턴 홍보를 해야 하는데 도저히 방법을 몰라서 헤매다가 가까운 작가에서 광고 마케팅 업체를... 착잡한 마음에 인터넷에 막연히 광고 마케팅 업체를 검색해 보니 비용적인 부분에서 부담이 됐어요. 그냥... 하땅이의 베이스캠프https://blog.naver.com/ej_only1/223037601252N마케팅관련자격증 실무에 적용가능한 과정2022-12-27왔다면서 마케팅 관련 업무를 전적으로 담당해 보면 어떻겠냐는 제안에 조금이라도 더 안정적으로 생활을 하고 싶은 마음이 앞서서 흔쾌히 ‘열심히 하겠습니다!’라는 말이 튀어나왔죠. 그러나 저는 마케팅과... Passionhttps://blog.naver.com/killlifes/222966881645N병원바이럴마케팅 고민이 된다면2023-03-02병원바이럴마케팅 고민이 된다면 안녕하세요. 오래전부터 꿈꿔오던 자신만의 병원을 개업하고 환자가... 병원바이럴마케팅을 알아보는 것도 좋은 방법입니다. 병원 자체적으로 마케팅을 하기도 하고 직원의... 치과·병원마케팅 전문 단비 DANBIhttps://blog.naver.com/energy8900/223032278127N파급력 높은 고효율적 SNS 마케팅2023-03-03저는 사업을 하면서 가장 잘한 일 중 하나가 바로 SNS 마케팅을 진행한 거라고 생각하는데요. 예전부터... 이번에 마케팅 방법을 새롭게 바꾼 뒤에는 그 효율을 제대로 느끼고 있으면서 사업이 승승장구 하는... 햅번쥬얼리https://blog.naver.com/plus233/223034021434N학원 홍보, 시간과 비용 모두 아낄 수 있는 마케팅 방법?2023-03-08안녕하세요, 아마 이 글을 읽고 계시다면 학원 홍보를 위해 다양한 마케팅 방법을 알아보고 계시는 분들이라 생각합니다. 오늘 포스팅을 통해서는 시간과 비용 모두 아낄 수 있는 학원 마케팅 방법에 대해... 슈리의 내맘대로 블로그https://blog.naver.com/hsluvys/223038830598N동네 학원, 입시 학원의 공포 마케팅... 강남은 이렇게 하는데!2023-03-18이게 공포 마케팅이다. 당신의 자녀는 평균보다 낮아요. 낮은 성적의 애들이 섞은 평균 말구요!!!... (이건 희망 마케팅) ... 학원 광고는 이렇게 공포와 희망을 섞어서 진행한다. 이 점을 감안하고 봐야한다.... 여행 그리고 라면값https://blog.naver.com/dolo2/223048476285N마케팅 스터디 모집 안내 (23년 3월)2023-02-17안녕하세요", 브랜드 마케팅 14년차인 혜마케터입니다  오늘은 3월 마케팅 스터디 모집글을 올리는데요, 이거이거..한 달 하고 사라지는거 아냐 했는데 나름 3회차가 되었네요!! 먼저 간단한 자기소개 제가... 혜마케터 마케팅노트https://blog.naver.com/clbjhlove/223019003599N영혼을 소중히 여기는 네트워크 마케팅 기업 애터미! 박한길... 2023-03-05애터미는 박한길 회장님이 창업한 토종 네트워크 마케팅 기업입니다. 2009년 설립 이후 절대품질... 이를 통해 네트워크 마케팅 업계는 물론이고 일반 유통과도 경쟁해서 이길 수 있도록 합니다. 애터미는 1인... 개인 플랫폼 전략," 미래의 부https://blog.naver.com/the0153/223035123712""",,,,,,,,,,,,,,,
-,IoT,"11,800","14,500","26,300","570,506",21.692,- (-),"N스마트 가스차단기 다원디엔에스 IOT가스락2023-03-16집에있는 공기청정기의 #IOT기능 생각보다 정말 편리했다 그래서 일부러 #스마트IOT기능 있는걸로 알아봤다(근데...할말많음!!!ㅋㅋ) 구성품은 #IOT스마트가스락 과 #연결허브 그리고 충전선이 세트로 왔다 진짜... NIMOYA31https://blog.naver.com/hj_toy/223045856825N이라이트 IOT 스마트 PRO 거실등 95W[내돈내산]2023-03-13이라이트 IOT 스마트 PRO 거실등 95W을 설치하려고 양쪽의 천정등을 먼저떼고, 가운데 전등을 뗐어요.... (이후 브라켓의 도배지 자국없애는게 참 어려워서 아직도 벽지땜방 ing 에요.) 샤오미 이라이트 iOT프로... 울산우쿨렐레전문점. '만디' 입니다.https://blog.naver.com/skyskin/223043600621N스마트싱스 스테이션 가정 사물인터넷 IoT 뜻 예시 제품 전등... 2023-02-25타사 IOT 기기들 메터(matter) 표준 기술, 지그비(zigbee)등을 이 하나의 허브로 동작시킬수 있는게 얼마나... ICT기술의 발전으로 모든 사물들은 연결될수 있고 IOT란 명칭안에서 모든것은 통신될수 있는데... 덕질남녀https://blog.naver.com/j2ymoon/223027124128N사물인터넷 IoT 뜻 종류 장점 총정리2023-03-06사물인터넷 IoT 뜻 종류 장점 총정리 사물인터넷이란 Internet of Things 의 약자로 말 그대로 인터넷과... 대표적으로는 스마트홈서비스나 IOT 가전 등이 있죠. 그렇다면 사물인터넷(IoT)란 정확히 어떤 것인지... 유오스https://blog.naver.com/uos2007/223036399747N봄그린 식물등, Tuya IOT 플랫폼이용 식물재배기 만들기 12023-02-26LED와 산소 기포기를 제어하는 것은 플러그 IOT제품이면 충분히 가능합니다. IOT 플러그들은 기본적으로 Timer설정을 지원하고 있어서 식물등의 ON/OFF시간, 산소 기포기를 몇 분동안 켜고 끄는지를 설정할 수... 송파 메이커 스페이스 Maker Space at Songpahttps://blog.naver.com/koroma/223028215633N헤이 구글 구글홈 루틴의 어시스턴트 명령어로 스마트홈 IoT... 2022-12-05필자는 스마트홈 IoT 기기를 많이 사용하는 탓에 구글 어시스턴트를 아예 스마트폰 내비게이션 바에... 하지만 Google IoT 앱은 설치되어 있지 않은 경우가 많다. 일단 구글플레이(앱마켓)에서 설치 후 계정... 옥희돌이 칩시크한 IThttps://blog.naver.com/logix200/222946372349N펫cctv 이노스 스마트 홈 IP 카메라 든든한 IoT 가전2023-02-08IOT501은 200만 화소 FULL HD로 저가형 캠과는 다르게 화질이 깨끗합니다. 상하 110도, 좌우 355도로 회전... 근데 이노스 IOT501은 바로 살 수 있고, 품질이 더 좋은데도 3만 원대입니다! 애플리케이션 자체도 더... 쿨팩 흥신소https://blog.naver.com/vmdew/223008874564Nlg iot 가정 보안 덕분에 안심이에요2023-03-06lg iot 가정 보안 덕분에 안심이에요 자취 짬바가 5년이 되어가지만 혼자 살다보니 아무래도 보안... 그래서 CCTV를 알아보게 되었는데 인터넷 검색하다 보니 스마트폰과 연동되는 lg iot 홈캠이라는게... 달콤한팥앙금https://blog.naver.com/dbsdidwjdcl/223036425960N캠핑카 난방 IOT - 무시동히터 원격 가동2022-12-19https://blog.naver.com/huntre/222217226972 21년 1월에 작성한 모터홈 난방시스템 IOT 시스템입니다. 그때 캠핑카가... 원격 IOT 시스템을 작동시킬 버튼 두 개를 준비합니다. 왼족은 작은 푸쉬버튼의 용도는..... 아두이노의... 아름드리의 세상 사는 이야기...https://blog.naver.com/huntre/222959773068N사물인터넷 가정 IOT를 실현하는 스위치봇 간단 후기2022-11-13사물인터넷 즉 IOT는 Internet of Things의 약자로 각종 기기의 센서에 통신 기능을 내장하여 인터넷에 연결하는 기술을 말합니다. 요즘은 냉장고, 정수기, 건조기 등 모두 이런 가정 IOT 기술이 적용이 되어 있어... 경아신랑님인거죠~https://blog.naver.com/feena74/222927619553",,,,,,,,,,,,,,,,,,
-,iOS,"3,970","8,230","12,200","730,331",59.863,- (-),"T아이폰 ios16 업데이트 모든 것! 무조건 써야하는 새로운 기능!2022-12-03아이폰을 10년 가까이 사용하면서 업데이트 관련된 포스팅을 계속해드렸지만 이번 ios16 소식은 정말... 아이폰 ios16 업데이트 모든 것! 1. 아이폰 ios16 아이메시지 말 바꾸기 드디어 아이메시지에서도 보냈던... YoungGamehttps://younggames.tistory.com/entry/%EC%95%84%EC%9D%B4%ED%8F%B0-ios16-%EC%97%85%EB%8D%B0%EC%9D%B4%ED%8A%B8-%EB%AA%A8%EB%93%A0-%EA%B2%83-%EB%AC%B4%EC%A1%B0%EA%B1%B4-%EC%8D%A8%EC%95%BC%ED%95%98%EB%8A%94-%EC%83%88%EB%A1%9C%EC%9A%B4-%EA%B8%B0%EB%8A%A5N애플 아이폰 퍼블릭 베타 iOS 16 업데이트 꿀팁2022-08-31며칠 전 친한 동생이 iOS 16으로 올렸는데 좋다는 이야기를 하더군요. 친구 따라 강남 한번 가봅니다~ 예전에는 개발자로 등록이 되어야만 iOS 베타 버전을 사용해 볼 수 있었지만 이제는 애플 베타 소프트웨어... 경아신랑님인거죠~https://blog.naver.com/feena74/222863368171T삼성 OneUI 5, 애플 iOS16 베꼈다?2022-09-28삼성의 OneUI 5의 잠금화면 설정 기능이 애플의 iOS 16을 베꼈다는 주장입니다. 그러면서 이런... iOS 16의 잠금화면 설정 기능이 이번에 새롭게 재탄생했고 드.디.어. 커스터마이징이라고 할 수 있는... AMUSEMENT PARK :: AMUSEMENT PARKhttps://frederick.tistory.com/2037N아이폰 iOS 16.2 업데이트 신규 기능 (노래방, 화이트보드)2022-12-30Apple iOS 16.2 버전이 12월 중으로 출시되었습니다. 노래방 기능인 Apple Music Sing과 화이트보드 앱인... iOS 16.2 버전 업데이트 방법 아이폰에서 설정 앱을 실행합니다. 일반에서 [소프트웨어 업데이트]로... 코예커플 IThttps://blog.naver.com/aiwositai/222969132730N아이폰 14 ios 16.1 핵심 기능 7가지2022-11-02오늘은 아이폰 14 시리즈뿐 아니라 이전 모델에서도 적용되는 ios 16.1 핵심 기능들에 대해 알아보는 시간을 갖도록 하겠습니다. 아이폰 14 ios 16.1 아이폰 14 핵심기능 7가지 배터리 표기 개선 이전에는 숫자로만... 덕질남녀https://blog.naver.com/j2ymoon/222917358165NiOS16 아이폰 배터리 잔량표시와 성능 확인 효율적인 관리... 2023-02-12한동안 이미지로 대략적으로 파악할 수 있던 아이폰 배터리 잔량표시가 iOS16 이후 정확한 숫자를 볼 수... 그래픽 구현 방식을 자세히 보면 iOS16.0.2와 16.2에 차이가 있는 것을 볼 수 있습니다. 예전에는... 모이모이의 IT 이야기https://blog.naver.com/moimoi1357/223013295396NiOS16 아이폰 업데이트 방법2022-09-14최대한 쉽게 iOS 16 아이폰 업데이트 방법을 소개하겠습니다. 최근 애플에서 아이폰14 시리즈를 출시했습니다. 그래서 iOS를 사용하는 기존 아이폰 역시 16 버전으로 업데이트를 진행할 수 있다는 사실!... 하얀 북극곰의 일상https://blog.naver.com/whitepolarbear/222874724044N애플 베타테스터 참여 신청하고 iOS16.4 퍼블릭베타 설치2023-03-12IT 블로거 시월입니다 :) 애플의 iOS 베타판들은 년간 99달러를 지불하고 유지하는 개발자들을 위한... 오늘은 애플의 베타 소프트웨어 프로그램을 통해 iOS16.4 퍼블릭베타로 업데이트했던 기록을... 시월의 일상https://blog.naver.com/hj_bw/223041824566NiOS 16 아이폰 업데이트 방법 및 후기 (ft. 주의사항)2022-09-18지난 9월 13일에 iOS 16 정식 버전이 배포됐다. 기능, 편의성 측면에서 많은 것이 개선됐으니 특별한... 그럼 화면 하단에서 'iOS 16 업데이트' 버튼을 확인할 수 있을 것이다. 현재 대부분 15.6.1 버전이 적용된... 짜루의 이것저것 리뷰https://blog.naver.com/skdaksdptn/222877774973N간 보는 구글, iOS서 자체 엔진 브라우저 테스트2023-02-06보니 iOS용 웹 브라우저는 모두 웹킷 렌더링 엔진을 이용한다. 구글 크롬과 마이크로소프트(MS) 엣지만 봐도 그렇다. 두 웹브라우저는 윈도우와 맥에서 크로미움 블링크 렌더링 엔진을 기반으로 하지만, iOS... 테크플러스https://blog.naver.com/tech-plus/223006881914",,,,,,,,,,,,,,,,,,
-,3D,"2,620","7,000","9,620","4,521,321",469.992,- (-),"E3D프린터로 노트북 충전기 거치대 만들기2023-02-21배워서 남 준다/3D프린터&메이커스 3D프린터로 노트북 충전기 거치대 만들기 2023. 2. 21. 22:57 공지사항 더보기 목차 - Index 거치대 PDF도면 및 STL파일 다운로드 프로파일로 만든 책상에 사용할 노트북 충전... 서관덕의 시간이 머문 작은 공간https://esajin.kr/entry/3D%ED%94%84%EB%A6%B0%ED%84%B0%EB%A1%9C-%EB%85%B8%ED%8A%B8%EB%B6%81-%EC%B6%A9%EC%A0%84%EA%B8%B0-%EA%B1%B0%EC%B9%98%EB%8C%80-%EB%A7%8C%EB%93%A4%EA%B8%B0N3D 모션그래픽학원 손쉽게 배운 수업과정2023-03-07파티클 3D 이펙트를 활용하는 공부까지 하고 있습니다. 편집뿐만 아니라 합성, 재구성, 이미지 삽입 등을 활용하여 영상의 퀄리티를 높이고 있는데요. 다양한 소스를 사용하면 플러그인을 통한 3D 이펙트... song's eyagihttps://blog.naver.com/mintsorbet07/223037604846N에코마음 헬로키티 3D펜 장난감 추천2023-03-17아이들이 가지고 놀기 좋은 3D펜을 발견했는데요 에코마음이라는 곳에서 나온 헬로키티 3D펜으로 여자아이들에게 인기만점인 제품이에요 집에서 오랜만에 가족들끼리 모이는데 어른들끼리 이야기하면서 놀때... 숙대 신데렐라 입니다.https://blog.naver.com/mingginew08/223047428929N3D맥스학원 디테일한 기술 배우기2023-03-14저는 건축가라는 꿈을 이루기 위해서 3D맥스학원을 다니고 있어요. 이곳에 수업을 받은 지도 4개월이 다... 제가 일자리를 갖고자 하는 분야에서는 3D맥스라는 기술을 기본적으로 다룰 수 있어야 해요. 저는... Life Log of Rosehttps://blog.naver.com/metalred/223044662466N3D맥스학원, 모델링 제작 배운 수업2023-03-08사실적인 표현을 통해 시각적으로 다가갈 수 있다는 강점을 지닌 3D MAX는 저의 꿈으로 다가왔습니다.... 여기는 이론적인 것이 걸려 안되고, 저기는 실무의 커리큘럼 중 뒤처지는 부분이 보여 안되고, 정말 3D맥... 황금빛 쭈롱월드https://blog.naver.com/parkrapp/223039035740N에코마음 마이멜로디 3D펜 입학선물 추천2023-03-16아이의 초등학교 입학선물로 주었던 마이멜로디 3D펜을 한번 소개해보려고 해요 요즘 3D펜은 아이들에게도 인기가 많은 제품이라 다른 친구들은 이미 다 가지고 있어서 그런지 갖고 싶다고 하더라고요 https... ★새성대부동산과집구하기★https://blog.naver.com/taeyang5256/223046435316N오늘의 집 3D 인테리어로 투룸빌라 가상 인테리어 해보기2023-03-08오늘의집 3D인테리어를 활용해 새로 이사갈 작은 투룸빌라 가상 가구배치를 해봤다 이사갈 집 평수는 9평, 작은 투룸빌라이고 가구는 거의 있던거 쓸거라는 전제하에 가구배치를 해보기로! 오늘의집 3D... 안온https://blog.naver.com/calm_and_peace/223038875091N게임아카데미 3D 실무 공부과정2023-03-03아니지만 3D로 만든 컴퓨터 아트나 그래픽 작품들이 멋져 보였거든요. 그래서 다시 조심스럽게 아카데미 수강 클래스를 알아봤답니다. 찬찬히 살펴보니 전문 교육 강사진들이 3D 캐릭터, 배경, 애니메이션... Architect & Humanity 건축 인문https://blog.naver.com/shek99/223033710960N아베크 【코성형】 3D 실리콘/맞춤보형물로 직반버선 수술... 2023-03-18보형물 3D 실리콘 보형물을 통해 최대한 부작용을 줄이는 방향으로 수술을 결정하여 진행하게... 코성형, 코재수술, 코제거, 무보형물 코성형, 3D 맞춤 보형물까지 아베크 성형외과의원 Tel : 02-547-5570 ▽ 아래... 의학살롱https://blog.naver.com/medical_salon/223048119396N전문가용 3D 마야 MAX 작업용 컴퓨터2023-03-073D 그래픽 작업용 컴퓨터는 영화, 게임, 애니메이션, 건축, 제품 디자인 등 광범위한 분야에서 사용되고 있는데요. 대표적인 프로그램은 3D 마야, MAX 등이 있으며, 이러한 응용 프로그램을 쾌적하게... 조인스컴 공식블로그https://blog.naver.com/hanwoo10303/223037579183",,,,,,,,,,,,,,,,,,
-,플러터,"1,690","2,710","4,400","17,321",3.937,중간 (13),"N[mude.] 뮤드 플러터 블러셔2022-07-21*뮤드에서 #단순선물 보내주신 플러터 블러셔. 마침 2주년 기념 세일하고 있어서 리뷰해본다. 매번 단상자가 예쁘게 나오는 뮤드. 이번 단상자도 너무 옛줌맨,,,,,*_*!! 래미님이 오랜시간 개발했다고 종종... YOU RUIN MEhttps://blog.naver.com/suzzam/222822628694NFlutter 프로젝트 생성하기 시작 hellow World 앱(플러터... 2022-12-13플러터는 안드로이드 앱과 IOS 앱을 동시에 개발이 가능하다. 플러터 기초부터 차근차근 정리하면서 배웁시다. vscode 를 사용해도 상관없지만 안드로이드 스튜디오를 예전에 사용해서 안드로이드... programminghttps://blog.naver.com/hke3255/222954191158N[일산/탄현역 맛집] ' 황금장어' with 플러터 포인트 적립 서비스2022-01-21일산서구 덕이동 장어구이 맛집 황금장어 안녕하세요~ 플러터 서비스입니다. :) 2022년 새해가 밝은지도 이제 벌써 한달이 다 되어가네요 플러터 서비스는 새해에 모두 건강과 행운이 함께 하기를... 9년간 검증된 오프라인 마케팅 혁신 통한 매출 상승https://blog.naver.com/toobplus/222627554313N파이썬, 유니티 3D, 앱개발 플러터 강의를 평생교육바우처... 2023-03-13파이썬, 유니티 3D, 앱개발 플러터에 관심 있는 분들이 많아지고 있습니다. 필자 역시 학부시절... 파이썬 & 유니티 & 플러터 파이썬을 비롯하여 유니티 3D, 플러터는 모두 전망이 좋아 인기가 많습니다. 먼저... 국국이네https://blog.naver.com/dsw99248/223042747341N멜릭서 NEW 비건립밤, 쿨톤 듀오 듀이로즈&플러터2023-02-1810호 플러터를 만나보았다! 멜릭서 비건립밤은 사실 우리나라뿐만 아니라 해외에서도 인기가 굉장히... 10호 플러터 컬러! 은은하게 발색이 되기 때문에 부담스럽지도 않고 쉽게 무르지 않는 단단한 텍스처로... songsong.yihttps://blog.naver.com/sooooong2/223019504200N앱 개발에 필요한 프레임워크 : 플러터(flutter)와 리액트... 2022-08-17오늘은 크로스 플랫폼 앱 개발에 필요한 프레임워크인 플러터와 리액트 네이티브에 대해서 알아보겠습니다. 플러터(Flutter) 플러터는 구글에서 개발한 오픈소스 모바일 앱 개발 프레임워크입니다. iOS와... 나셀프https://blog.naver.com/ithopenanum/222850544503N1.Flutter(플러터) Marterial, Scaffold, 위젯, 이미지... 2023-03-18플러터는 플랫폼(안드로이드, iOS, Windows, Mac, Linux)를 타지 않고 하나의 코드베이스로 전부... 사용하는 IDE는 안드로이드 스튜디오, 플러터 SDK 사용. 우선 안드로이드 스튜디오를 열면... 곰치님의 블로그https://blog.naver.com/asd8217924/223048034114Nflutter  플러터 ……… 카페 디저트2023-03-02디저트 맛집 플러터를 소개할께요~~~ 대구 사월동에 위치해 있는데 바로 앞 도로만 건너면 경산... 인터넷 ** 플러터 회원 가입해둠 ~~ 한달에 한번 매달 초에 1 + 1 쿠폰~ 문자로 올때도 있어요 ** --> 최근... Judi's daily storyhttps://blog.naver.com/nam11266/223032871443N프로젝트 생성법 및 플러터구조에 대하여(플러터 기본 설명)2023-03-13#flutter #플러트프로젝트생성 #pubspec.yaml #flutterproject #dart #플러터구조 #플러터기본 #androidstudio 일단 플러터 관련 포스팅은 앞으로 공부를 하면서 좀 더 기억에 남게하기 위해서 공부한 것을... JIN's bloghttps://blog.naver.com/ys00214/223042810858N[서평] Do it! 깡샘의 플러터&다트 프로그래밍2023-02-20깡샘의 플러터&다트 프로그래밍 의 서평을 해보겠습니다. 저번 Do it 시리즈 스위프트로 아이폰... 첫째마당 플러터 시작하기 01 플러터를 소개합니다! 01-1 크로스 플랫폼 앱 개발과 플러터 01-2... 개발일지와 성장기록https://blog.naver.com/serendipitylife/223022314647",,,,,,,,,,,,,,,,,,
-,AR/VR,60,30,90,"183,446",2038.289,높음 (3),"NAR/VR/XR 관련주 리포트2022-12-19대신 증권에서 나온 ar/vr/xr 관련주 리포트... 제목이 AR/VR 비즈니스 A to Z 한 번씩 읽어 보시기... 플레이스테이션에서 나오는 VR이 활용도가 가장 좋지 않을까 생각해 봅니다. 결국에 B2C에서는 게임 / 엔터... 지적호기심.활자중독.새로운 시도https://blog.naver.com/dicecasts/222958299661N애플 XR 헤드셋 스펙 미리보기, VR 및 AR 변환 모드 지원?2023-01-29사실상 AR / VR 관련 컨텐츠 개발자들을 위한 시제품 정도라고 봐도 무방하지 않을까 싶었습니다. 이것은 릴루미노 글래스""라고 하는 시각장애인용 보조 장치로", 일반적인 AR 글래스와 거리가 약간 있긴... 네모난꿈의 내멋대로 리뷰https://blog.naver.com/nemonangoom/222998376317N애플 AR/VR헤드셋에서 기대되는 기능2023-02-27AR/VR헤드셋에서도 얼굴 표정을 해석해 아바타로 변환됩니다. 따라서 실 생활에서 웃거나 얼굴을... #애플 #apple #애플AR #애플VR #증강현실 #애플AT헤드셋 스포츠게임, 콘솔게임 & 애플소식 전문 인플루언서... 꿈을꾸는용군https://blog.naver.com/2k1y4/223029197727N4차산업혁명을 준비하는 AR, VR 게임개발 및 에셋디자이너 교육2023-03-06오늘은 VR,AR 게임개발 및 에셋 디자이너에 대해서 설명드리겠습니다! 우선 AR, VR의 개념부터 알려드릴게요 VR, AR이란? VR(Virtual reality)은 가상현실, AR(Augmented Reality)은 증강현실로 가상현실이나... THE국제직업전문학교https://blog.naver.com/thekukje/223036415639NAR, VR 기기 뜻과 관련주 정리해봄!2023-02-25AR VR 차이 4. VR관련주: 메타 5. AR관련주: 애플, 알파벳 6. XR관련주: 마이크로소프트 VR 뜻 먼저 VR에 대해 알아보겠습니다. VR은 Virtual Reality의 줄임말로 “가상현실”을 의미하는데요, 말 그대로 진짜... PLAY 2 EARNhttps://blog.naver.com/horizon37/223026932184N메타버스 섹터 강세, AR VR XR 관련주 정리2023-02-02오늘 움직인 관련주로는 뉴프렉스 , 디어유 , 에스코넥 이 있으며 VR AR 테마로는 비트나인 , 알체라 등등이 있습니다. 메타버스 관련주 또는 AR VR XR관련주는 너무 종목이 많습니다. 최대한 본인의 매매법에... 장중일기https://blog.naver.com/intpjune/223002832950N메타버스 VR AR 특허 계획한다면2023-01-31메타버스 VR AR 특허 계획한다면 ▼ 상담신청 및 무료상담 출장 안내 바로가기 클릭! ▼ 기술개발을 계획한다면 메타버스를 기반으로 하는 마케팅과 콘텐츠가 늘어가면서 사람들의 많은 관심을 받고 있습니다.... 명성특허사무소 무료상담 1600-9439https://blog.naver.com/haruki31/223000192970N메타버스 산업 전망과 이해하기(VR, AR)2022-04-05메타버스 시장인 지금도 진화하고 있다고 생각합니다. AR VR을 넘어서 확상 가상세계라는 XR을 준비하는 기업도 있습니다. 이러한 진화 과정에서 투자가 진행되고 엄청난 성장을 이룰걸로 기대해봅니다.Done is better than perfecthttps://blog.naver.com/ldmman119/222692586056N다가오는 2023년 6월 이후의 투자 변화. AR/VR/XR2023-02-13VR을 넘어 현실에서도 활용이 가능한 AR 글래스입니다. 이미 수십회 공상과학 영화나 드라마에서 AR 글래스의 활용과 상상을 직접적으로나 간접적으로나 접했을 겁니다. 이미 수회 제 블로그에서도 다루었던... Aid PLAhttps://blog.naver.com/hofmaker/223013717786N애플 헤드셋 리얼리티 프로, VR AR 기능으로 주가를 올려줄까?2023-01-28그리고 이제 애플은 애플 글라스와 AR, VR 헤드셋인 리얼리티 프로로 또 다시 새로운 아이템을 우리에게 강매(?) 시키려는 계획을 준비하고 있다. (오늘은 헤드셋에 집중하고," 애플 글라스는 다음에 알아보도록... 평일남의 다양한 지식공부 - IT&재테크https://blog.naver.com/iblacki123/222997761397"""
-,메타버스,"31,900","71,300","103,200","571,411",5.537,- (-),"E메타버스는 그렇게 오지 않는다2023-02-20메타버스와 관련된 일부 기업의 움직임으로 인해 마치 기다렸다는 듯 ‘메타버스가 안될 줄 알았어’라는 뉘앙스의 글이 쏟아지고 있다. ‘메타버스’가 헛소리라는 주장에 동조하는 만만치 않은 반응도... 칫솔_초이의 IT 휴게실 - CHiTSOL's BLOGhttps://chitsol.com/entry/metaverses_do_not_come_that_way/N뉴딜 일자리 사업의 언리얼엔진 기반 메타버스 플랫폼... 2023-03-19기반 메타버스 플랫폼 개발자 양성 과정 교육생 모집 소식이 있어 전해드리려 합니다. 혹시라도 언리얼 엔진 5와 메타버스가 무엇인지 궁금하신 분들을 위해 간단하게 설명을 해볼까요? 이미 잘 알고 계시다면... 경아신랑님인거죠~https://blog.naver.com/feena74/223048681829N뉴딜일자리사업 통한 언리얼엔진 메타버스교육, SW 개발자... 2023-03-16메타버스교육, SW 개발자 과정 소개 안녕하세요. 사진&IT 크리에이터 자유분방입니다. 하루가 멀다 하고, 새로운 IT소식, 정보, 이야기들이 들려오고 있는 요즘입니다. 특히 언리얼엔진이나 메타버스와 같은... 자유분방 IT사진https://blog.naver.com/bk32167/223045880366N[메타리즘 이임복 칼럼] 버츄얼 스튜디오가 만드는 메타버스의... 2023-03-13이것 역시도 훌륭한 메타버스가 아닐까? 이미 촬영된 영상을 CG로 후 편집하기 위해서는 크로마키가... 앞으로 수많은 메타버스에서도 쓰일 수 있고, 우선적으로 다양한 촬영환경을 바꿀 버츄얼 스튜디오에... .https://blog.naver.com/himd9388/223042796832N메타버스관련주 5G관련주 보다 유망한 재테크2023-03-10<소망에셋 Site주소> www.go-somang.com 전화번호:070-7885-2025 메타버스관련주 5G관련주 보다 유망한 재테크 메타버스관련주 5G관련주 보다 유망한 재테크 요즘 투자에 관심이 생겼습니다. 시드머니를 저축 통해서... gongganyeahttps://blog.naver.com/kdy_planner/223040215340N메타버스 관련주 5G관련주 전망 알아보기2023-03-07<베타에셋 Site주소> www.stock-beta.com 전화번호: 070-7883-2376 메타버스 관련주 5G관련주 전망 알아보기 메타버스 관련주 5G관련주 전망 알아보기 요즘 휴대폰의 의미는 필수품이 되었죠. 초등학생들부터 거의 모든... Deng Plushttps://blog.naver.com/no1daehee/223037196998N정부發 500억·400억원 '우주·메타버스' 펀드 시동2023-03-08우주펀드, 메타버스 펀드를 조성한다. 특히 우주 분야 모태펀드는 최초로 출자되는 만큼 그간 집중... 뉴스페이스투자지원사업과 메타버스 펀드를 조성, 운용할 투자운용사를 공모한다고 7일 밝혔다.... 대한민국 No.1 과학·산업 미디어https://blog.naver.com/hellodd11/223038243478N메타버스 관련 코인 리스트, 전망 정리2023-02-17블록체인과 접목되어 암호화폐 시장에서도 활약 중으로 오늘은 메타버스 코인 종류에 대해... 다음 메타버스 코인으로 50위에는 Metaverse에서 디지털 자산을 만들고 거래하는 샌드박스가 올라와 있는데요.... 오후의빛, 손잡는건 습관https://blog.naver.com/harux2/223018657748N5G관련주 메타버스관련주  흐름 예측 후 재테크에 활용하기2023-03-18<소망에셋 Site주소> http://m.site.naver.com/16DJo 전화번호:070-7885-2025 5G관련주 메타버스관련주 흐름 예측 후 재테크에 활용하기 5G관련주 메타버스관련주 흐름 예측 후 재테크에 활용하기 투자를 하는 사람이라면... 꿈의나라의 맛집천국https://blog.naver.com/jenesys/223048745467N[한국보상원] 부산 경성대학교 메타버스와 프롭테크 세미나2023-02-27지난 2월 24일 부산 경성대학교 건학기념관 1층에서 부동산 블록체인 중심 기반의 메타버스와... 관련 프롭테크 업체 예시 다음으로는 아레드 COO 이자 제이피링크에셋의 박은경 CEO는 '메타버스의 혁신적인... 한국보상원의 부동산이야기https://blog.naver.com/bosangwon/223029427442",,,,,,,,,,,,,,,,,,
-,PM/기획,10,10,20,"63,591",3179.55,낮음 (0),"NPM스쿨 1일차! (서비스 기획이란 무엇인가?)2023-03-07#서비스 기획 #PM스쿨 #PM #기획용어 오늘 하루 일과를 먼저 나열해 보자면,,, 인생 처음 첫 면접을 보았다.. 캐시워크를 운영하는 회사의 서비스 운영업무 면접을 보고 돌아오는 버스에서 서비스 기획이란... 취뽀시래기https://blog.naver.com/jse117/223037985026N[서비스기획/PM] week6-(4) 화면설계서_관리자 시스템2023-03-13구체적인 기획과 아이디어가 화수분처럼 쏟아져 나왔다. 이렇게 서비스를 하나만 정해도 세세하게... 디자인 스프린트 때에 맡은 PM 역할을 이번에도 충실히 하려고 발언 시간에 어느 정도 제한을 미리 만들고... 파란 찻길https://blog.naver.com/quitecredible/223043117974N서비스기획 번외. 어쩌다 PM, 주관적인 세그먼트 분석2023-01-24서비스기획자, PM이 되고 싶은 사람들 중 어떻게 PM이 됐느냐고 물어보는 경우가 종종 있다. 나는 IT 관련 학과를 전공하지 않았다. 첫 직무가 서비스 기획팀도 아니었다. 나는 내 손에서 시작해서 내 이름으로... 데레이션https://blog.naver.com/candigka/222992149935N[서비스 기획/PM] 패스트캠퍼스 강의 후기 (1) :: 한 번에 끝내는... 2023-01-15서비스 기획자, PM 이 등장하기 전에는 웹마스터, 웹기획자라는 이름의 직무가 있었으며 주로 PC/웹 환경에 적합한 서비스를 기획했다. 이후 포탈플랫폼, 모바일 환경의 서비스가 심화되며 기존 웹서비스에서... 데이지의 블로그https://blog.naver.com/yeeun1049/222984996392N[PM부트캠프] 서비스 기획 : Day-22023-02-02[과제 피드백] 서비스 기획 / PM / PO 직무명은 중요하지 않음 ** 우리는 다 알고 해봐야함 비즈니스와 고객의 니즈를 파악해 필요한 기능을 상상 상상한 기능이 동작 가능하도록 다른 기능과 연결하고... 배배와 또또https://blog.naver.com/baebaexbaebae/223002796424N[패스트캠퍼스 서비스기획] Part0. 기획, PM?2023-02-20등 서비스 기획자 / PM / PO .. : 사용자의 입장을 고려하여 전략 방향을 제시하고 데이터를 기반으로 사고. A~Z까지 관여 = 타인의 문제를 객관적인 자료로 파악하고, 여러 사건에 연루되어 해결해야 한다... .https://blog.naver.com/novtodec/223021762297N[이직] 서비스 기획(PM)강의 2주차2023-03-09정의definition는 정의Justice롭다"" PM(프로덕트 매니저) PO(프로덕트 오너) 서비스 기획자 PM(프로젝트 매니저) ： 어떤 일을 하기 전/후 로 ", 우리가 늘 생각하고 또 생각해야 하는 《기획자의 사고》 나는 정확히... Make a wishhttps://blog.naver.com/dkdlflssm/223039979749N: 우아한형제들 PM님이 말해주는 기획 직무> with 조혜인... 2023-01-03회사에서 기획/전략PM을 하고 계신 조혜인 멘토님과 함꼐 기획/전략 직무의 모든 것을 함께 알아봐요! 기획/전략 직무에 관심있는 장학샘이라면, 이번 멘토링 놓치지 마세요  멘토님께 궁금해요! 멘토링... 점프 : 공정한 교육기회https://blog.naver.com/jumpnu/222973851945N와디즈 채용 정보 모음! 1분 체크하세요! CX, 기획, PM 등2022-11-23담당자 PM(어카운트 관리/운영) 공간 Wadiz 쇼룸 운영 공간 Wadiz 운영 매니저 CX 기획 담당자 CX 운영 고객관리 CX 운영지원 담당자 2. 지원자격 ∨ 경력직의 경우, 해당 분야 근무경력 필요 * 직무별 경력은 채용... 크몽 후기 1위 | 과학고, 카이스트, 서울대, 임원출신https://blog.naver.com/chrisken/222935816867N새해," 새 직무 @사업기획->PM2022-12-26but 2년 차에 머물러 있을 현업 능력(2년 차 능력은 될까...) 파견 근무가 끝나고 현업으로 돌아갈 때 어느 팀으로 가게 될지에 대한 불확실성 가고 싶은 팀으로 이동할 수 있을까 커리어패스 사업기획 2년 -> PM 2년... 깨단한 하루https://blog.naver.com/0chldmswjd/222966100205""",,,,,,,,,
-,보안,"4,560","5,590","10,150","3,907,506",384.976,- (-),"N정보보안기사 응시자격 고졸도 쉽게 가능했어요2023-01-13안녕하세요 이번에 정보보안기사 응시자격을 학점은행제를 통해 알아보고 조건을 맞춰 취득한 박ㅇ혁 입니다! 최종학력 고졸이었던 제가 정보보안기사 응시자격을 갖춘 후기를 작성을 해보려고 해요 비록... 혜니니 일기장https://blog.naver.com/bora_m13/222982735228N바이비트 가입방법, 수수료 할인, KYC, 보안 관리 가이드2023-03-13계정 보안 관리 방법을 알아보겠습니다. 우선 아래 링크를 통해 바이비트 회원 가입을 하는 경우 20... 바이비트 거래소 보안 관리 방법 아무래도 스마트폰을 수차례 열었다 닫았다를 반복하다 보니... Nowherehttps://blog.naver.com/zeun_wr_0106/223043335320N바이비트 가입, 수수료 할인, KYC, 보안 관리 방법2023-03-02계정 보안 관리 방법을 소개해본다. 먼저 아래 링크를 통해 바이비트 회원 가입을 하면 20% 할인을... 바이비트 거래소 보안 관리 방법 아무래도 스마트폰에 허구헌날 열었다 닫았다 하는만큼... 디디네 블로그https://blog.naver.com/muja09/223032695554N포천 의정부CCTV 제일보안네트 경기북부지점에서!!2023-02-15포천 의정부CCTV 제일보안네트 경기북부지점에서!! 안녕하세요o(*￣▽￣*)ブ 저희 회사가 이사하면서... 아무래도 it 회사다 보니 개인정보같은 여러정보들이 있어 꼼꼼한 보안이 필요하기에 입구쪽에 더욱... 럭키의 인테리어 블로그https://blog.naver.com/moojuc01/223016557087N보안이 뛰어난 원격지원 리모트콜 디지털 전환 트렌드에... 2023-03-14보안은? 원격지원 서비스의 경우 빠른 일 처리와 편하다는 장점을 모두 알고 있습니다. 하지만 소비자는 한 가지 걸리는 것이 있습니다. 바로 보안 부분입니다. 상대방이 나의 허락 없이 접속한다면 불안할... 하얀 북극곰의 일상https://blog.naver.com/whitepolarbear/223043867685NZPMC 크레인 및 항만보안 이해를 위한 참고 논문2023-03-17논문 무선통신기반 SCADA시스템 공격기법과 위협사례 및 연구동향분석 항만 터미널사의 정보보안 담당자를 만나보면 보안에 자신감이 있는 분도 있고 그렇지 않은 분도 있을 것입니다. 완전히 다른 양쪽이... 출장기록https://blog.naver.com/babdo/223047475097N공공 도로 시설물 가로등 보안 CCTV 볼라드 특허 변리사... 2023-02-23공공 도로 시설물 가로등 보안 CCTV 볼라드 특허 변리사 인생역전 특허를 취득하면 좋은 점 재산권이라... 가로등 보안 CCTV 볼라드 특허 변리사 명성 법률 사무소에서 시작해보시기 바랍니다. ▼ 상담신청 및... 명성특허법률사무소 무료상담 1600-9439https://blog.naver.com/cyberoje/223025022132N사생활 보호 모니터 보안필름 하나로 간단하게 엿보기방지!2023-03-02아무래도 밖에서 노트북으로 일처리를 하다보니 보안도 신경이 쓰이고 지나가는 사람들이 힐끔거리는... 모니터 보안필름이라는 건데요. 저만 볼수 있고 옆에선 제가 보는 화면을 볼수 없게 시야각을 차단해주는... it's time to say 'good bye'https://blog.naver.com/qpqp3155/223032666219N사생활 보호를 위한 선택! 힐링쉴드 모니터 정보보안 필름2023-02-25보안 외 블루라이트 차단을 위해서라도 이런 제품은 필수겠죠? 직장인분들에게 추천드립니다. 사생활 보호를 위한 선택! 힐링쉴드 모니터 정보보안 필름에 대해 다뤄볼게요. 저는 27인치 화면을 사용하기... 순담작가의 사진 그리고 IThttps://blog.naver.com/dduksaboo/223027148416N정보보안전문가 기초부터 취업까지의 과정 정리2023-01-04정보보안전문가 기초부터 취업까지의 과정 정리 평소에 인터넷 기사나 TV를 보다 보면 '디도스 공격', '정보가 유출됐다' 등과 같이 보안의 취약점에 관련된 내용에 대해서 접할 수 있는 경우가 많습니다.... 황금빛 쭈롱월드https://blog.naver.com/parkrapp/222974583048",,,,,,,,,,,,,,,,,,
-,게임,"78,900","81,500","160,400","19,683,618",122.716,- (-),"N게임학원 국비지원 게임 프로그래밍 교육 내용2023-03-17학창 시절부터 게임이나 만화를 좋아했던 저는 자연스럽게 장래 희망으로 프로게이머를 꿈꿨습니다. 그렇지만 꿈은 꿈일 뿐 이룰 수 있는 가능성이 크다고 생각하지 않았어요. 게임과 관련된 다른 직업을... 방탄이의 맛집 탐방https://blog.naver.com/ekgmldhktks/223047526092N게임학과 메이저 회사 취업률 96% 인 서울 대학2023-03-17저는 어릴 때부터 게임에 관심이 많았어요. 게임을 하는 것도 물론 좋아했지만 내가 원하는 게임을 실제로 만들어 보고 싶다는 생각이 들기도 했고 그러면서 자연스레 게임학과 대학 진학을 고려하게 되었던 것... ♥edu with you♥https://blog.naver.com/shvc_/223047244993N게임학과 취업율을 넓히려면2023-03-13게임에 대한 디자인이나 그래픽 관련한 관심도가 보다 더 높았기 때문에 저는 게임학과에 대한 진학을 생각해 보게 되었어요. 실제로 4차 산업혁명에 따라서 vr을 이용하는 여러 게임 종류들도 발전 가능성이... 교육포럼https://blog.naver.com/dyddyd002/223042698066NXbox게임패스 발하임 / 발헤임 정보 및 특징 정리2023-03-18<용군의 게임정보> 안녕하세요. 다양한 게임소식을 전하는 용군입니다. 2021년 2월 PC로 출시됐던 발하임이 콘솔 최초 Xbox로 출시됩니다. 발하임은 작년 PC게임패스로 출시되어 PC 게임 패스 및 게임패스 얼티밋... 꿈을꾸는용군https://blog.naver.com/2k1y4/223047624098N로지텍 G PRO X SUPERLIGHT 게임 후기 | 게이밍 마우스 추천... 2023-03-17(관련 포스팅은 아래)  "" "" "" 실제로 몇가지 제가 좋아하는 게임을 해보면서", 이 제품이 지향하는... 이번 시간에는 제가 느낀 게임 플레이에서의 지슈라를 자세히 설명하려 합니다  가벼우면? 우선 로지텍 G... 가정부장관의 IT로그https://blog.naver.com/khooin/223047594579N기초 게임기획 과정 탄탄한 커리큘럼 수업2023-02-20저는 예전부터 게임기획에 관심이 많았어요. 그래서 꼭 해당 분야로 구직하고 싶단 생각이 들었고... 저는 여기서 게임기획 과정을 듣고 있는데, 평소에 여기 관심이 많거나 관련 학과나 관련 회사에 구직하길... Excuse 美 Agnes : )https://blog.naver.com/she_op/223022251815N게임학과 게임제작 취업을 위한 과정2023-03-06이 세계관은 게임 속에서도 존재했습니다. 플레이를 해보면 그냥 하는 거 같아도, 다 이유가 있는 퀘스트고 게임 속의 스토리가 있습니다. 전 이런 시나리오 기획에 매력을 느끼는 사람 중 한 명이었습니다. 게임... 수빈's humterestinghttps://blog.naver.com/subin_s_humteresting/223036456287T신작게임 리뷰 : 마계전기 디스가이아RPG2023-02-06오늘은 2월 7일출시일이 확정된 신작게임 마계전기 디스가이아! 리뷰해볼건데요 어떤 게임인지 처음 보시는 분들 기준으로 찬찬히! 살펴볼 예정입니다. 마계전기 디스가이아를 설명하기에 앞서," 이 게임의... 핑크색 게임세상 : 핑크색종이https://pinkgamesesang.tistory.com/2896T신작게임 헤븐번즈레드 추천!2023-02-15안녕하세요 게임우먼입니다. 오늘은 2월 10일에 출시한 신작게임 헤븐번즈레드를 리뷰해 볼건데요 ! 어떤 게임인지 나와있는 정보 기준으로 자세히알려드리겠습니다 장르는 RPG로 이미 2022년 2월 10일 일본에서... 게임하는 여자사람https://houkawhoukaw.tistory.com/2799N기초 게임기획 교육 철저한 커리큘럼 과정2023-03-17유독 예전부터 게임기획에 관심이 참 많았던 저였어요. 그래서 해당 분야로 구직을 원했고 현업에서... 게임기획 과정을 들어가면서 평소에 제가 관심 많았던 학과들 그리고 관련된 회사 구직을 희망하는 분들도... 20150517https://blog.naver.com/mingsam/223047503518""",,,,,,,,,,,,,,
-,안드로이드,"4,150","17,400","21,550","1,729,714",80.265,- (-),T안드로이드 뜻밖의 역사2022-10-24Programming 안드로이드 뜻밖의 역사 halatha 2022. 10. 24. 16:04 Androids. A Book is Born | by Chet Haase | Medium Chet... 나중에 안드로이드 엔지니어링 팀을 관리한 스티브 호로위츠는 말했다. 그게 이 세계에서 중요한... -https://jh4hj.tistory.com/entry/%EC%95%88%EB%93%9C%EB%A1%9C%EC%9D%B4%EB%93%9C-%EB%9C%BB%EB%B0%96%EC%9D%98-%EC%97%AD%EC%82%ACN안드로이드 오토 편리한 무선으로!2023-02-07최근 안드로이드 오토 업데이트 내역을 확인해보니 오작동 개선이나 화면의 구성을 대대적으로... 새롭게 업데이트 될 안드로이드 오토를 기다리다가 최근 발견하게 된 무선 모듈 제품이 있었는데 며칠간 사용을... 섬진강을 운전하다https://blog.naver.com/leeseoggi/223008162702T갤럭시 폴드4 One UI 5.0 안드로이드13 베타테스트 시작2022-10-20갤럭시 폴드4를 대상으로 OneUI 5.0 + 안드로이드13 에 대한 베타테스트가 시작이 되었습니다. 갤럭시... 가장먼저 확인할수 있는건 바로 안드로이드 버전이 13으로 바뀌었다는겁니다. OneUI 4.1 까지는 안드로이드12... KEBI BLOGhttps://hkebi.tistory.com/2404E안드로이드13 / 원UI 5.0(SOS, 워터마크, 파일검색, 개별... 2022-10-28갤럭시S22 울트라를 시작으로 갤럭시 스마트폰의 본격적인 안드로이드 13(원UI 5.0)업그레이드가 시작... 이렇게 이번에 메이저 업그레이드가 진행된 원UI 5.0(안드로이드13)의 일부 기능을 소개시켜 드렸습니다.... 바람의 이야기, 카이https://www.khaiyang.com/4419N메이튼 오토프로, 만족스러운 무선 안드로이드오토2023-03-17만족스러운 무선 안드로이드오토 메이튼 오토프로 안녕하세요? 유니콘입니다. 최근에 남편이 차를... 그나마 다행히 안드로이드오토 기능이 있더라고요. 차에서 충전을 하려고 케이블을 연결했는데 갑자기... 유니콘 라이프 ٩(◕ᗜ◕)وhttps://blog.naver.com/yunicorn35/223047506159N메이튼 무선 안드로이드 오토 쿨워크 끊김없는 쾌적함2023-03-17무선 안드로이드 오토 쿨워크 메이튼 - 티맵&유튜브 연동 - 스마트폰 구형, 신형 완벽 호환 - 제조사... 무선 안드로이드 오토는 우선 어플을 깔아주는걸로 시작한다. 차량에선 USB 단자에 오토프로를 꽂아주었다.... WOOD U LEATHERhttps://blog.naver.com/binjmx2/223047392550TLG V50S 안드로이드12 업데이트. 안드로이드12에 추가된... 2022-06-06LG V50S, 1년만의 안드로이드 12 업데이트 얼마 전 제 V50S에 소프트웨어 업데이트 메시지가 떴습니다.... 2021년 7월 말에 안드로이드11로의 업데이트가 진행되었고, 개인적으로는 꽤 업데이트 후 꽤 빠릿한... 컴터맨의 컴퓨터 이야기https://comterman.tistory.com/2685E안드로이드 앱 개발, 개발자 채용 없이 진행한 인공지능연구원2022-10-11프론트엔드 안드로이드 앱 개발자는 추가로 인력을 구해야 하는 상황이었습니다. 그렇다고 정규직... 그래서 빠르게 업무에 투입할 수 있는 프론트엔드 안드로이드 앱 개발자와 디자이너를 아웃소싱을 통해... wishket - 위시켓 블로그입니다.https://blog.wishket.com/%EC%95%88%EB%93%9C%EB%A1%9C%EC%9D%B4%EB%93%9C-%EC%95%B1-%EA%B0%9C%EB%B0%9C-%EA%B0%9C%EB%B0%9C%EC%9E%90-%EC%B1%84%EC%9A%A9-%EC%97%86%EC%9D%B4-%EC%A7%84%ED%96%89%ED%95%9C-%EC%9D%B8%EA%B3%B5%EC%A7%80/E모든 컴퓨팅의 구심점이 되려는 안드로이드 13의 비전2022-05-23구글은 이미 몇달 전부터 안드로이드 13의 개발자 미리보기를 시작으로 지금까지 테스트를 진행해... 안드로이드 13 개발자 빌드부터 픽셀 스마트폰에서 테스트를 했던 나를 포함한 대부분의 테스터들은 사실... 칫솔_초이의 IT 휴게실 - CHiTSOL's BLOGhttps://chitsol.com/entry/vision_of_android13/N캐스퍼 후방카메라, 티아이즈 CC3 안드로이드 올인원... 2023-03-17캐스퍼 티아이즈 CC3 안드로이드 올인원 내비게이션 아트카멀티샵 차량 안드로이드 내비게이션은 스마트폰 내비처럼 간단하고 빠르게 최신 업데이트도 가능하고," 기존 차량에서 즐길 수 없었던 유튜브... 아트카 멀티샵https://blog.naver.com/helpz1760/223047313398""",,,,,,,
-,반도체,"23,700","59,600","83,300","2,196,255",26.366,- (-),"N삼성 용인 반도체 클러스터 위치와 300조 투자 (Ft. 동탄 호재)2023-03-17과거 삼성이 미국의 반도체 공장 유치전으로 텍사스 테일러시에 대규모 파운드리 공장을 짓는다고 발표하면서 국내 경기권 (용인&동탄&평택)은 메모리반도체만 만드는 러스트 밸트가 되는게 아니냐는 논란이... 은퇴연구소https://blog.naver.com/meaning87/223047221559N반도체설계산업기사 응시자격, 저는 이렇게 준비했어요!2023-02-01저는 최근 반도체설계산업기사 응시자격을 충족시키고 자격증 취득을 위해 열심히 공부를 하고... 그래서 제가 관심이 있고 잘 할 수 있는 일이 무엇이 있을까 고민을 하던 중 반도체에 관심을 가지게... 혜니니 일기장https://blog.naver.com/bora_m13/223000951151N반도체 지원법 : 깡패 미국과 양아치 중국 사이2023-03-03미국 상무부의 반도체 지원법이 이슈가 되고 있음 반도체 제조시설 투자를 진행하려는 기업은 미 정부로부터 보조금, 대출 또는 대출보증 등의 방식으로 지원을 받을 수 있음. 출처 : 메리츠증권 재정... 현명한 지표 투자https://blog.naver.com/jakojako/223033214963N[반도체] 미국의 깡패 본능2023-03-10안보적으로는 대만 문제를, 경제적으로는 반도체를 내세우고 있는 상황입니다. 이 과정에서 미국 특유의 깡패 본능은 또 나왔습니다. 사진- 닛케이 아시아 <미국 반도체 부활이 어려운 이유> by 모리스 창(대만... 보미로그https://blog.naver.com/shalacho/223040310741N[반도체] 반등시점은 언제인가 자강두천 (윤지호, 남대종)2023-03-09영상 제목부터 반도체 자강두천 (ㅋㅋ) 보수적인 시각의 대표주자 남대종 연구원 (feat. 숏대종)... 반도체 재고 1분이 기점으로 줄어들긴 할 것. 다만 정상화 시기가 오래걸릴 것이라는 뜻. 4. 삼성전자... 자강불식(自强不息)https://blog.naver.com/lhd1371/223039401411N두산테스나 주가전망 // 반도체 후공정 웨이퍼 테스트 업체!!2023-03-01기본적분석 <시가총액: 4,871억> (23.02.28 기준) -반도체 기업치고는 PER이 낮은편은 아니죠 ^^ <재무제표... -시스템 반도체 후공정 중 테스트공정을 다룸 -제 블로그에 자주 오셨던 분들이라면 아실 수도 있습니다.... 명토르https://blog.naver.com/now_2716/223031461271N지제역 반도체밸리 제일풍경채 평택 가재지구 분양 정보2023-03-18오늘은 많은 분들이 궁금해하시고 주목하고 있는 경기도 평택에 공급되는 지제역 반도체밸리... 지제역 반도체밸리 제일풍경채는 남향위주로 배치되어 일조량과 채광량이 상당하겠고 동간거리도 멀리... 울릉도 안군의 부동산이야기https://blog.naver.com/business_an/223047990920N삼성전자 반도체 주식,2차전지주 올라타는 시기일까요 (챗GPT)2023-03-17반도체의 붐 다시 오는 걸까.. AI, 2차전지로 갈아타야 할까? 오늘 알아볼 내용은 삼성전자 반도체 주식,2차전지주에 대한 내용입니다 올해는 그야말로 AI개발로 시장이 시끄러울 거 같습니다. 올해 들어 대화형... 생활의지혜https://blog.naver.com/79gytn/223047583140N챗GPT 발 AI 시대 핵심, 오전장 반도체 관련주 상승종목 정리2023-02-14그러면서 자연스럽게 반도체의 수요가 증가하면서 섹터에 돈이 몰리고 있습니다. 오늘 상승종목을 살펴보겠습니다 엠케이전자 반도체 특허 범위를 대만까지 확대 / MS 구글 삼성 파트너사로 부각 오늘의... 장중일기https://blog.naver.com/intpjune/223015139004N엔비디아 등 반도체 업종 30% 하락을 예상하는 Citi2023-02-28시티 리서치들은 앞으로 반도체 종목 주가가 30% 하락할 것이라고 보았다. 인텔, AMD, 엔비디아, 퀄컴 등 반도체 대표기업들이 모두 망라되었는데, 지금은 섹터별로 움직인다기보다 섹터 안에서도 종목마다... Shasha's book & lovehttps://blog.naver.com/thefirstrain/223030925002",,,,,,,,,,,,,,,,,,
-,데이터분석,"2,460","2,830","5,290","513,929",97.151,- (-),"N책 안사고 제36회 데이터 분석 준전문가 ADsP 합격후기2023-03-17이전에 포스팅은 ADsP 데이터 분석 준 전문가 소개 및 시험 후기가 있었어요 자세한 포스팅은 여기에... #adsp #비전공자 #취준생 #자격증 #데이터분석준전문가 #합격 지금까지 포스팅을 봐주셔서 감사합니다.꾸준히이https://blog.naver.com/mt9919/223047726623N삼토시(강승우) 《부동산 변곡점이 왔다》(2022) 빅데이터 분석2022-12-19또한 부동산 시장에 관해 통계적으로 분석한 글을 블로그와 몇몇 재테크 카페에 정기적으로 올리고... 삼토시 #강승우 #주택구입부담지수 #전세가 #전세가율 #부동산변곡점 #빅데이터분석 #부동산빅데이터인문학도 투자자, 한공https://blog.naver.com/iamhankong/222956719640N빅데이터분석 기초(3) - 정규화/표준화2023-02-12지난번까지 데이터 전처리 중에서 결측치/이상치 처리에 관해 진행했다. 이제 정규화/표준화에... sklearn은 빅데이터 분석에 상당히 많이 사용되는 라이브러리로 앞으로도 자주 등장한다. ①정규화... 삼삼삼님의 블로그https://blog.naver.com/ryuhaejin/223013312860N데이터분석준전문가 시험 난이도 및 일정 정리2023-02-01데이터분석준전문가를 준비하는 과정은 학원에서 배웠습니다. 솔직히 ‘데이터’와 ‘분석’이라는 단어가 들어가는 것들은 모두 어렵지만 연봉이 높은 직업이라는 얘기를 들은 적이 있습니다. 제가... hAsiCa:)https://blog.naver.com/dlsdo23/223002011343N빅데이터분석기사 손쉽게 취득해요2023-03-16빅데이터 분석 기획 2. 빅데이터 탐색 3. 빅데이터 모델링 4. 빅데이터 결과해석 필기는 객관식이며, 과목당 20문항씩 출제돼요. 40점 미만은 과락으로 간주하며, 100점 만점 기준 전체 평균 60점 이상을 득점하면... 투덜강산https://blog.naver.com/mevement/223045285216N체계적인 코딩부트캠프 데이터 분석 과정!2023-03-14AI 인공지능 빅데이터 근래 들어 각종 기업에서는 R 언어 대신 파이썬을 토대로 통계학 및 빅데이터 직무수행을 추구하는 성향을 띠는데요. 파이썬을 기반으로 데이터 분석 능력을 소양으로 습득해가는 것에... 소소한 일상?https://blog.naver.com/songin06/223044200439N빅데이터분석교육 :: 빅데이터학원에서 배우세요!!2023-03-16그래서 정보에 대한 수집부터 가공&분석, 시각화까지 전부 핵심 기술들을 배워서 업무에 활용하거나 커리어에 도움 될 대학원까지 진학이 가능합니다. 빅데이터 과정은? 빅데이터 분석 과정에 있어서 그... 볼빨간 유부♡(,,>᎑<,,)♡https://blog.naver.com/hhee_0211/223046626195N부산코딩학원 파이썬 기반의 빅데이터 분석과정2023-03-07이는 인공지능, 데이터처리 , 빅데이터, 통계분석, 각종 프로그램 개발 분야에 영향력을 행사해왔고요. 이전에는 R이 주로 쓰이던 빅데이터분석 언어였다면, 이제는 쉽고 활용 가치가 높은 파이썬을 선호하는... for my Glorioushttps://blog.naver.com/hyeyoon0326/223036754458N빅데이터분석기사 자격증 체계적인 학습 전략2023-03-07즉, 수집 / 저장 / 처리 / 빅데이터 분석 / 시각화를 아우르며 관련 학습에 숙련된 실무자를 일컫는데요.... 이해 -빅데이터 모델링: 분석모형 평가 및 개선, 분석 결과 해석 및 활용 -빅데이터 결과 해석: 데이터... 황금빛 쭈롱월드https://blog.naver.com/parkrapp/223037890307N재직자내일배움카드 국비지원신청, 빅데이터 분석기사 취득!2023-02-15첫 번째, 분석 기획 : 분석, 활용, 기획에 대한 내용을 배울 수 있으며, 데이터를 수집하고 전환학습 할... 빅데이터 분석기사의 경우에는 한국데이터산업진흥원""이라는 기관에서 시행하는 자격 시험이구요.... 타밀's 추억창고https://blog.naver.com/cksdlf227/223016628181""",,,,,,,,,,,,,,,,,,
-,데이터사이언스,"1,580","2,830","4,410","107,971",24.483,- (-),"N데이터사이언스 대학원 전망은?2022-12-07* 도메인 : 금융, 마케팅, 홍보, 무역, 보험, 공공데이터, 원자력 등 # 데이터사이언스 대학원 준비 방법은? 우선 기본적인 지식을 쌓아야 합니다. 통계학에 대한 지식과 it에 대한 지식을 축적해야 하는데요. it의... 난 할 수 있다https://blog.naver.com/qislvie/222947477274N데이터사이언스학과 전공대비 :: 빅데이터 전공공부 학원2023-03-12그리고 우리나라 빅데이터&데이터사이언스학과에선 1학년때부터 항상 먼저 배우는 과정이 바로 파이썬이기에 파이썬부터 공부하는게 순서가 맞답니다. 그리고 이런 전공공부를 하는 이유는 학점관리... 볼빨간 유부♡(,,>᎑<,,)♡https://blog.naver.com/hhee_0211/223042277986N[써니마인드] 2023년 데이터사이언스/AI 개발 경력자 채용 공고2023-01-132023년도 (주)써니마인드 데이터사이언스/AI개발 경력자 채용 모집 써니마인드는 리뷰마인드 SW, 최신자연어(NLP) 및 딥러닝/전이학습 인공지능 기술을 기반으로 고객보이스 데이터를 신속, 정확... 고객 마음 리뷰하기 - Review Your Customers' Mindhttps://blog.naver.com/crediteva/222983427234N데이터사이언스학원 목적별 교육 과정!!2023-03-16직접 학원으로 나와서 오프라인으로 수강하여 프로젝트를 만드는 데이터사이언스 과정이 있으며 데이터 크롤링 부터 데이터 분석 및 머신러닝까지 기초부터 활용에 걸친 빅데이터 교육이 진행됩니다.. 또한... 딸기바나나https://blog.naver.com/gourt1/223046089775N데이터 사이언스 대학원. 진학 전에 무엇을 먼저 공부해두면... 2023-03-11데이터 사이언스에서 활용되는 머신러닝 기법들이 대부분 통계학의 데이터 마이닝에 기반을 두고 있고, 딥러닝의 신경망 또한 수학과 통계학의 범주에서 크게 벗어나지 않습니다. 이 두 가지 학업이... 잇다 (itdaa) 공식 블로그https://blog.naver.com/itdaaworld/223041333530N[미국 박사 유학] 데이터 사이언스 리서치 면접은 어떻게... 2023-03-02면접 본 곳은 테크계열, 화학계열, 헬스케어 계열 회사의 데이터 사이언스 리서치 포지션입니다.... 데이터 구성은 어떻게 되어 있는지 3. 논문 result를 향상 시키려면 어떻게 할 수 있는지 1번과 3번 질문... Chai x Cali x Phdhttps://blog.naver.com/beyondamazing/223032086122N마이크로소프트 데이터 사이언스 코딩 테스트 후기2022-05-10데이터 사이언티스트로 일하면서 필요한 것들 위주로 나왔다. 아니 도대체 뭘 하길래 2시간 40분이나 주지 했는데 그럴 만했다. 시간은 충분 했고, 크게 4가지 정도의 토픽이었다. 1. 데이터 사이언스... 데이터 사이언티스트 루나의 미국 유학 후 취업 학교https://blog.naver.com/data-scientist-luna/222727249661N데이터사이언스 대학원 준비 방법, 종류 등등 총정리2023-02-06★ 데이터 대학원에 진학하는 이유 - 석사 급을 요구하는 시장 - 학부 수준에서 공부하기 어려움 - 기존 분야 + @(빅데이터) 데이터사이언스 대학원의 진학하는 원론적인 이유는 시장이 석사 학위를 요구하기... 인테리어https://blog.naver.com/roseandme7753/223006763524N[데이터사이언스대학원] 서울대학교로 문과도 진학할 수 있다고?2023-02-16데이터사이언스대학원 이런 분들 같은 경우에는 업무를 하면서 이미 어느 정도 수많은 데이터를 다루어 보시거나 데이터 기반의 의사결정을 해 보신 분들이 많아서, 서울대 데이터 사이언스 대학원에 지원을... 서울대 교수, 상장사 대표가 선택한 큐링크https://blog.naver.com/back8624/223018206897N성균관대 데이터사이언스융합학과 대학원 특색, 입학 준비 방법... 2023-02-06★ 성대 데이터사이언스 대학원은 (일반) 데이터 사이언스 융합 학과 (특수) 빅데이터 학과 총 2가지 데이터사이언스 대학원이 운영되고 있습니다. 그리고 성균관대 데이터사이언스 융합 학과는 일반... ʕ´•ᴥ•`ʔhttps://blog.naver.com/xocg7753/223006847770",,,,,,,,,,,,,,,,,,
-,풀스택(웹),10,10,20,"8,351",417.55,낮음 (0),"N웹개발자 하는일 (백엔드개발자/프론트엔드개발자/풀스택... 2023-03-15백엔드개발자 프론트엔드개발자 풀스택 웹퍼블리셔 웹디자이너 DBA 백엔드개발자 하는일 백엔드개발자는 웹 개발 영역 중에서 유저들의 눈에 보이지는 않지만 유저들과의 상호작용에 필요한 데이터와... 과학커뮤니케이터 박종현https://blog.naver.com/pso164/223023871789N홍대웹개발학원 자바 풀스택 웹개발자 과정이 궁금하다면?2023-02-17자바 풀스택 웹개발자 과정이란? 디지털 기술을 기반으로 웹 프론트엔드, 백엔드 프로그램 언어와 기술 습득을 통한 전문 개발자 양성과정입니다. 입문자도 참여 가능한 수업으로 기초부터 시작하여... 맛집 소개하는 남자 제너럴쏘치킨https://blog.naver.com/lcshistory88/223017511632N밴쿠버대학 BCIT_ 풀스택 웹개발학과2021-08-31오늘은 캐나다공과 대학인 BCIT의 풀스택 웹개발학과에 대해 포스팅하려고 합니다. 밴쿠버대학... 현재 BCIT에 개설되어있는 웹 관련학과은 아래와 같습니다. 뉴 미디어 디자인 및 웹 개발 ; New... 영에듀케이션 CANADAhttps://blog.naver.com/forsale718/222488942658N[창원국비지원학원] 풀스택 웹/자바/스프링 기반 클라우드 융합... 2023-01-18풀스택 웹/자바/스프링 기반 클라우드 융합 개발자 양성과정 1회차 개강안내 창원국비지원학원/창원IT국비지원전문교육기관 아이티에듀넷 안녕하세요 창원마산진해국비지원 IT전문 교육기관... ITedunethttps://blog.naver.com/itedunet/222987941375N강남풀스택학원, 프로젝트기반 자바&파이썬 풀스택 웹 개발자... 2023-02-22[KDT] 프로젝트기반 자바(스프링, 백엔드) & 파이썬(OCR) 풀스택 웹 개발자 양성과정 강남파이썬학원 강남풀스택학원 강남그린컴퓨터아카데미의 프로젝트기반 자바(스프링, 백엔드) & 파이썬(OCR) 풀스택 개발자... 그린컴퓨터아트학원 공식블로그https://blog.naver.com/gitacademy01/223024054258N자바 풀스택 웹개발 국비지원 + 정보처리산업기사 과정 학원2022-11-24자바 풀스택 웹개발 국비지원 + 정보처리산업기사 과정 학원 안녕하세요 에이콘아카데미... 팀프로젝트: 웹 개발 정보처리산업기사 내/외부 평가 교육혜택 훈련장려금 지급 교재 무상제공 3. 응시료 무료 4.... 에이콘아카데미 홍대학원https://blog.naver.com/hbilab12/222937244153N#대전IT프로그램학원 나는 웹개발자 풀스택""2022-03-02풀스택 (=웹 개발자)이란 처음부터 끝까지 다루는 거예요. 여기에 HTML+CSS까지 다뤄요. 즉 웹디자인", 웹 퍼블리싱, 프런트엔드, 백엔드를 다 하시면 웹 개발자가 되는 거예요. 고*윤 학생 포폴 작품 그럼 당연... 태하의 잡다한 이야기https://blog.naver.com/taeha3307/222661654733N[SeSAC 용산 캠퍼스 나들이]  코딩온 풀스택 웹개발자 양성 과정2022-12-30풀스택 웹개발자 양성 클래스 입구 풀스택 웹 개발자 양성 클래스 입구에요 ~! 정말 많은 교육생들이 꿈과 희망을 갖고 이 곳에서 개발자 교육을 받고 있어요! 정말 사진으로만 봐도 벌써 가슴이 뛰네요 ...! 열정... 코딩온 : 코딩 교육의 불을 켜다https://blog.naver.com/spreatics2/222969457187Nsesac 웹풀스택 교육과정 레벨테스트/화상면접 후기2022-06-09웹풀스택 교육과정 에 지원했는데 http://ssac.seoul.kr/course/active/detail.do 아무나 교육을 받을 수 있는 것은... 어떤 웹 서비스 구현해보고 싶어서 해당 교육을 받고자 함 지원동기 코로나로 인해 디지털 전환되는... 오늘도 생각정리https://blog.naver.com/bitgyul/222766311950N부평풀스택웹디자인학원과 프론트엔드 백앤드 알아보기2022-04-13지금까지 부평풀스택웹디자인학원에서 웹 및 앱 개발 분야로 진출할 때 알고 있으면 좋은 개념 3가지를 소개해드렸는데요," 어떻게 도움이 되셨을까요? 웹 및 앱 개발로 정말 진출하고 싶다면 이러한 개념은 물론... 이젠아카데미컴퓨터학원 인천캠퍼스https://blog.naver.com/aytjoeun/222699870765""",,,,,,,,,,,,,,
-,백엔드,"2,160","2,750","4,910","68,685",13.989,- (-),"N수원컴퓨터학원 이제는 백엔드가 대세!2023-02-21그런데 요즘은 디자이너 + 프런트엔드 및 백엔드 개발자가 더 인정을 받고 있다고 해서 개발 요소를 더 자세히 배워보고자 백엔드 개발자 수업을 들었어요~ 그리고 그 분야로 포트폴리오를 만들고 취업에 성공을... Oneloghttps://blog.naver.com/sow723/223022621174N강남자바학원 취업을 위한 백엔드 실무 과정2023-03-10백엔드 개발자의 현실과 전망 근래 들어 개발직군의 채용이 이전보다 주춤해지게 되었지만, 여전히... 그렇기에 백엔드나 안드로이드 앱 개발 희망자들은 필수적으로 거쳐야 하는 파트며, 이는 객체지향인데다... 소소한 일상?https://blog.naver.com/songin06/223040623888N백엔드국비지원 기초부터 꼼꼼하게 준비2023-03-08해당 백엔드국비지원 글을 천천히 읽어 보시고 도움을 받아 가시길 바라요. 그렇다면 코딩이란 정확히... 프론트엔드국비지원, 백엔드국비지원 과정에 관심이 있는 분이라면 많이 접해 보셨을 거예요.... 임엄마의 얼렁뚱땅 주부놀이https://blog.naver.com/rame83/223038542678N백엔드 국비지원 : 아무 곳이나 가면 안 되는 이유2023-02-17백엔드 국비지원 아무 곳이나 가면 안 되는 이유 일반인에게 IT 직업을 당장 하나 말해보라고 한다면... 이번 포스팅은 프로그래머의 직무 중 하나인 백엔드에 대한 내용을 주제로 선정하여 국비지원을 활용한... 주들의 그리 대단하진 않지만 굉장한 이야기https://blog.naver.com/urmyver/223019095040N백엔드개발자 국비 지원으로 깔끔하게 준비하자2023-03-08프론트엔드, 백엔드개발자 국비 과정 중 어떤 것을 선택해야 하는지 잘 모르겠는 분들께 하나씩 설명해 드리는 시간을 가져보려고 해요. 개발자라고 하면 가장 크게 백엔드와 프론트엔드 두 가지로 구분을 하게... 戀 、그리움https://blog.naver.com/qkdguswn87/223038896407N백엔드국비지원 개강일정 및 신청방법2022-10-07더 이상 미루다가 평생 배워보지도 못할 수도 있겠다는 생각이 번뜩 들면서 백엔드국비지원을 받을 수... 백엔드국비지원 수업을 들으면서 처음엔 내가 적성에 맞지 않는 걸 배우고 있나 의문이 들기도 했어요.... Life Log of Rosehttps://blog.naver.com/metalred/222894266646N[html] html 코딩 언어 개념과 프런트엔드, 백엔드 실습하기2023-03-05웹사이트를 하나 만들려면 프론트엔드, 백엔드 프로그래밍을 위한 코딩이 필요해요 재고 관리를 위한... 잘 몰라도 됩니다 실습하다가 알게 될 거에요 지금 알아야 하는 단어는 프런트엔드와 백엔드 입니다... 다양한 분야 공부하기https://blog.naver.com/everything8888/223035572547N비전공자 백엔드 개발자 취업 학원2022-09-01비전공자 백엔드개발자 취업 학원을 주제로 관련 내용들을 적어보겠습니다. 비전공자개발자 취업 나도... 따라서 이번 포스팅에서는, 백엔드개발자가 어떤 직업인지부터 알려드릴 테니 천천히 잘 읽어본 뒤에... 난 할 수 있다https://blog.naver.com/qislvie/222864281636N백엔드국비지원 수료 후 취업 기업과 연봉대는?2022-12-28백엔드국비지원 수료후 취업 기업과 연봉대는? 기존 IT관련 전공생뿐만 아니라 직장인부터 비전공자... 개발자국비지원 : 백엔드 vs 프론트엔드 개발자국비지원은 크게 프론트엔드 & 백엔드로 나눌 수... 비비디 바비디 부https://blog.naver.com/ridesafe/222968267792N백엔드국비지원 웹개발 취업을 생각한다면?2023-02-27분들에게 백엔드국비지원은 큰 도움이 될 수 있는 기회지만 이 과정을 잘 알지 못하거나 잘못 알 경우... 이 중에서 연봉, 취업을 중점으로 할 경우 백엔드 개발자의 취업문이 가장 크고 연봉이 높아 진로로... IT/Interior 상담실https://blog.naver.com/jhbb0627/223029188561",,,,,,,,,,,,,,,,,,
-,프론트엔드,"3,530","4,720","8,250","93,094",11.284,- (-),"N프론트엔드 국비지원 체계적인 실무 학습과정2022-12-22우선 첫 번째로는 제가 하고자는 하는 분야인 프론트엔드 그리고 다음으로는 백엔드, 풀스택 이렇게 나누어진다고 할 수 있습니다. 그리고 제가 택한 프론트엔 개발자라는 부분에 대해서 잘 모르고 계시는... aeng’shttps://blog.naver.com/aengpark/222962886858N프론트엔드학원 비전공자지만 풀스택과정 배워봤어요2022-08-22프론트엔드학원에서 백엔드까지 합쳐진 풀스택을 배우기 위함이다보니 교육기간은 6개월로 다소 길기는했지만 비전공자가 제대로 배워보기에 이만한 곳이 없기도 했어요. 해당 과정을 배우기 위해서는 약간의... 후야와 율군이 있어 행복한 세상https://blog.naver.com/gosexy79/222855007245N프론트엔드학원 실무에 필요한 기술 익혀보기!2022-12-07직무 결정 웹 개발자로의 꿈을 가지고 진로를 정했는데 직무에 관해 고민을 가지고 있었어요 웹 개발자의 직무는 프론트엔드와 백엔드로 나뉘는데 아무래도 채용 규모가 큰 백엔드 개발자가 기회가 많아... 눈 내 위 의 뚝 딱 공 작 소https://blog.naver.com/ddaemine/222949077206N프론트엔드학원 이젠 초보자도 취업 가능! (풀스택)2022-12-14“#프론트엔드 개발자는 무슨 일을 하나요?” PC나 모바일을 이용하는 사용자 유저로부터 다양한 형태값의 입력을 받아서 back-end 백엔드가 처리할 수 있도록 사전의 업무를 처리해주는 역할을 수행하게... 타밀's 추억창고https://blog.naver.com/cksdlf227/222955706101N퍼블리셔 vs 프론트엔드 개발자의 업무 차이점2022-06-08프론트엔드 개발자의 자격 조건은 대략 위와 같다. 회사마다 각자 다르지만 어느정도 개념은 알고 있어야 하는 것들이다. 그리고 연차가 쌓일수록 백엔드까지 섭렵하는 풀스택의 역량을 요구하기 때문에... 내가 보는 아카이브https://blog.naver.com/sun_star17/222765112535N비전공 개발자 프론트엔드개발자 면접후기(2)2021-09-07^-ㅠ 백엔드쪽을 모르기도 하구요. 1. VR 관련 컨텐츠 회사의 프론트엔드 직군 면접관 : 3명 결과 : 탈락 프론트엔드 직군보다는, 퍼블리셔로 입사해서 디자인+퍼블 할수있냐고 요청주셔서... 협의가 안됬어요... Mori Loghttps://blog.naver.com/designerkhs/222498422214N웹퍼블리셔 프론트엔드 백엔드 개발자 차이(연봉, 스펙, 취업)2023-01-12Web 퍼블리셔 Web 프론트엔드 개발자 Web 백엔드 서버 개발자 웹 퍼블리셔가 디자인 영역을 담당하고 있다면 프론트엔드와 백엔드는 웹 개발자에 속하는 직업입니다. 오늘은 위 3가지 웹 분야 직업에 대해... ʕ´•ᴥ•`ʔhttps://blog.naver.com/xocg7753/222982450277N프론트엔드, 코딩, 웹개발, 개발자 관심 있으신 분들 클릭!2023-01-03프론트엔드, 코딩, 웹개발, 개발자 관심 있으신 분들 클릭! Weeks52 요즘 웹으로 자기개발하고자... me/ & https://weeks52.me/IT/?idx=107 #Weeks52 #자기개발 #프론트엔드 #취업준비 #코딩 #웹개발 #개발자진진형제https://blog.naver.com/fromtomore/222974097365N대치동컴퓨터학원과 배우는 프론트엔드 프레임워크2023-03-13Node.js는 많은 분이 프론트엔드 프레임워크라 착각할 정도로 실무에서 많이 사용하는데 그 이유는 Node.js가 자바스크립트 언어 하나로 프론트엔드 개발과 백엔드 개발을 모두 가능하게 만들기 때문이에요... 이젠IT아카데미 블로그입니다.https://blog.naver.com/ezenitedu/223042833530N프론트엔드 개발자 5단계 리액트2022-07-16리액트는 프론트엔드 개발자에게 있어서 반드시 극복해야 할 대상이다. 일단 책은 벨로퍼트... 이제 백엔드 개발자에게도 리액트나 뷰의 기술을 요구하고 있으니 기본적인 이해는 하고 있어야... 모두의 코딩https://blog.naver.com/azanghs/222813408225",,,,,,,,,,,,,,,,,,
-,AI,"30,200","63,700","93,900","2,341,300",24.934,- (-),"N강남라식수술 의료진 경험 vs A.I2023-01-26그래서 AI를 활용한 개인 맞춤형 시력교정 예측 시스템을 갖추어 각자의 상태에 맞는 적절한 시력교정술을 권유드리고 있었어요. 'AI 시력교정 프로그램'은 60여가지에 달하는 검사 결과를 토대로 면밀한 분석이... 비앤빛 강남 밝은세상안과의원https://blog.naver.com/rlatmdal99/222995328707N스마일라식 수술비용 AI 프로그램을 통해서2023-03-06수술비용 AI 시력교정 프로그램을 통해 진행해 본다면 이전의 단점들을 성공적인 장점으로 전환시킬 수 있는 방식을 기대해볼 수 있었어요. 시력교정의 표준화를 선도하는 강남스마일라식 AI 프로그램의 경우... ☆비앤빛강남밝은세상안과☆https://blog.naver.com/wkrrhrwk/223036189773N강남렌즈삽입술, 50만안 AI 테크닉을 활용하여2023-02-03강남렌즈삽입술, 50만안 AI 테크닉을 활용하여 이제는 더 이상 스마트폰 없이는 생활이 불가능해질... 이에 AI 시력교정술 프로그램을 활용해 개개인의 안구 상태를 고려해 적합한 시술 방향성을 제시하고... 비앤빛 강남 밝은세상안과의원https://blog.naver.com/tmfrl302/223004457987N중학교인강 AI학습이 효율적인 이유2023-02-22또 아이 학습에 AI암스트롱을 통해서 1:1 맞춤 피드백을 받을 수 있기 때문에 중학교인강에서 소통이... 메타인지 AI프로그램을 누려볼 수 있었는데요. 모의시험을 통해 긴장감을 없이 실력 발휘가 가능하며... Bravo, my all♩https://blog.naver.com/anjigo/223024391001N국비지원코딩 체계적으로 준비하는 AI자격증2023-03-18몇 시간씩 걸리는 작업을 수 분 내로 완료해 줄 수 있는 기술로는 바로 인공지능(AI)을 꼽을 수 있죠.... 관련 교육 사항으로는 -DATABASE -파이썬프로그래밍 -FRONTEND -BIGDATA AI -챗봇 프로젝트 -인공지능 광학 기술... for my Glorioushttps://blog.naver.com/hyeyoon0326/223047691101NAI 인공지능 관련주 챗GPT 바드 - 춤을 추되 문 근처에서 춤을... 2023-02-15AI 인공지능 관련주 챗GPT 바드 - 춤을 추되 문 근처에서 춤을 추자 챗GPT 로 시작된 인공지능 관련주들의... 기존에 메타버스니 블록체인이니 같은 얘기가 많았지만 진정한 기술혁명의 주인공은 AI 가 될 것으로... 블루래더 - 경제적 자유를 향한 푸른 사다리https://blog.naver.com/resumet/223016372983NAI자격증 종류 알아보고 시작해요!2023-03-14이에 따라 취득해두면 좋은 AI자격증은 무엇이 있는지를 쭉 살펴보도록 할게요! 파이썬마스터1급 이는... 그렇기에 AI자격증따기에는 요행보다 역량을 차근차근 키워가겠다는 심산으로 준비에 임하는 것이... aeng’shttps://blog.naver.com/aengpark/223044612719N챗지피티 무료 AI 영어 회화하는 방법 및 후기(확장프로그램)2023-03-14이 창이면 바로 start버튼을 눌러주자 ● 4단계 : 톡투챗지피티 설정 버튼 클릭 AI는 수많은... 설정하기 AI voice and language는 chatGPT AI가 우리에게 어떤 언어로 얘기할지 설정하는 것이다. 우리... 자기관리 지스타https://blog.naver.com/ppower124/223043698844N삼성 제트봇 AI 로봇청소기2023-03-13#삼성AI로봇청소기 #삼성비스포크제트봇AI로봇청소기 #삼성제트봇AI청소기VR50T95935W 청소기는 이제 이것으로 끝내고 싶은데 더 훌륭한 청소기가 또 나오겠지요 *장점* 1. 작동만 시키면 알아서 청소해 주니... 마 메종(MA MAISON) 제주 돌집스테이https://blog.naver.com/mamaison2012/223042931412NAI 인공지능 ETF SRVR, CLOU, IROB (ft. 챗gpt 관련주... 2023-01-30챗 GPT의 개발사는 '오픈AI'다. 일론머스크와 샘 알트만이 공동 창업한 회사이다. 2018년에 일론 머스크는 오픈 AI를 떠났다. 챗 GPT가 뭐야? 인공지능(AI)가 답변을 해주는 채팅 플랫폼이다. 지금까지 우리는... 리치양갱의 원하는대로 이루어지는 삶https://blog.naver.com/couplesoap/222999333420",,,,,,,,,,,,,,,,,,
